fabricante;codigo;referencia;material;tabela
FamaFlex;2001;001;;Série 2-xxx (W 1,78)
FamaFlex;2002;002;;Série 2-xxx (W 1,78)
FamaFlex;2003;003;;Série 2-xxx (W 1,78)
FamaFlex;2004;004;;Série 2-xxx (W 1,78)
FamaFlex;2005;005;;Série 2-xxx (W 1,78)
FamaFlex;2006;006;;Série 2-xxx (W 1,78)
FamaFlex;2007;007;;Série 2-xxx (W 1,78)
FamaFlex;2008;008;;Série 2-xxx (W 1,78)
FamaFlex;2009;009;;Série 2-xxx (W 1,78)
FamaFlex;2010;010;;Série 2-xxx (W 1,78)
FamaFlex;2011;011;;Série 2-xxx (W 1,78)
FamaFlex;2012;012;;Série 2-xxx (W 1,78)
FamaFlex;2013;013;;Série 2-xxx (W 1,78)
FamaFlex;2014;014;;Série 2-xxx (W 1,78)
FamaFlex;2015;015;;Série 2-xxx (W 1,78)
FamaFlex;2016;016;;Série 2-xxx (W 1,78)
FamaFlex;2017;017;;Série 2-xxx (W 1,78)
FamaFlex;2018;018;;Série 2-xxx (W 1,78)
FamaFlex;2019;019;;Série 2-xxx (W 1,78)
FamaFlex;2020;020;;Série 2-xxx (W 1,78)
FamaFlex;2021;021;;Série 2-xxx (W 1,78)
FamaFlex;2022;022;;Série 2-xxx (W 1,78)
FamaFlex;2023;023;;Série 2-xxx (W 1,78)
FamaFlex;2024;024;;Série 2-xxx (W 1,78)
FamaFlex;2025;025;;Série 2-xxx (W 1,78)
FamaFlex;2026;026;;Série 2-xxx (W 1,78)
FamaFlex;2027;027;;Série 2-xxx (W 1,78)
FamaFlex;2028;028;;Série 2-xxx (W 1,78)
FamaFlex;2029;029;;Série 2-xxx (W 1,78)
FamaFlex;2030;030;;Série 2-xxx (W 1,78)
FamaFlex;2031;031;;Série 2-xxx (W 1,78)
FamaFlex;2032;032;;Série 2-xxx (W 1,78)
FamaFlex;2033;033;;Série 2-xxx (W 1,78)
FamaFlex;2034;034;;Série 2-xxx (W 1,78)
FamaFlex;2035;035;;Série 2-xxx (W 1,78)
FamaFlex;2036;036;;Série 2-xxx (W 1,78)
FamaFlex;2037;037;;Série 2-xxx (W 1,78)
FamaFlex;2038;038;;Série 2-xxx (W 1,78)
FamaFlex;2039;039;;Série 2-xxx (W 1,78)
FamaFlex;2040;040;;Série 2-xxx (W 1,78)
FamaFlex;2041;041;;Série 2-xxx (W 1,78)
FamaFlex;2042;042;;Série 2-xxx (W 1,78)
FamaFlex;2043;043;;Série 2-xxx (W 1,78)
FamaFlex;2044;044;;Série 2-xxx (W 1,78)
FamaFlex;2045;045;;Série 2-xxx (W 1,78)
FamaFlex;2046;046;;Série 2-xxx (W 1,78)
FamaFlex;2047;047;;Série 2-xxx (W 1,78)
FamaFlex;2048;048;;Série 2-xxx (W 1,78)
FamaFlex;2049;049;;Série 2-xxx (W 1,78)
FamaFlex;2050;050;;Série 2-xxx (W 1,78)
FamaFlex;2102;102;;Série 2-xxx (W 2,62)
FamaFlex;2103;103;;Série 2-xxx (W 2,62)
FamaFlex;2104;104;;Série 2-xxx (W 2,62)
FamaFlex;2105;105;;Série 2-xxx (W 2,62)
FamaFlex;2106;106;;Série 2-xxx (W 2,62)
FamaFlex;2107;107;;Série 2-xxx (W 2,62)
FamaFlex;2108;108;;Série 2-xxx (W 2,62)
FamaFlex;2109;109;;Série 2-xxx (W 2,62)
FamaFlex;2110;110;;Série 2-xxx (W 2,62)
FamaFlex;2111;111;;Série 2-xxx (W 2,62)
FamaFlex;2112;112;;Série 2-xxx (W 2,62)
FamaFlex;2113;113;;Série 2-xxx (W 2,62)
FamaFlex;2114;114;;Série 2-xxx (W 2,62)
FamaFlex;2115;115;;Série 2-xxx (W 2,62)
FamaFlex;2116;116;;Série 2-xxx (W 2,62)
FamaFlex;2117;117;;Série 2-xxx (W 2,62)
FamaFlex;2118;118;;Série 2-xxx (W 2,62)
FamaFlex;2119;119;;Série 2-xxx (W 2,62)
FamaFlex;2120;120;;Série 2-xxx (W 2,62)
FamaFlex;2121;121;;Série 2-xxx (W 2,62)
FamaFlex;2122;122;;Série 2-xxx (W 2,62)
FamaFlex;2123;123;;Série 2-xxx (W 2,62)
FamaFlex;2124;124;;Série 2-xxx (W 2,62)
FamaFlex;2125;125;;Série 2-xxx (W 2,62)
FamaFlex;2126;126;;Série 2-xxx (W 2,62)
FamaFlex;2127;127;;Série 2-xxx (W 2,62)
FamaFlex;2128;128;;Série 2-xxx (W 2,62)
FamaFlex;2129;129;;Série 2-xxx (W 2,62)
FamaFlex;2130;130;;Série 2-xxx (W 2,62)
FamaFlex;2131;131;;Série 2-xxx (W 2,62)
FamaFlex;2132;132;;Série 2-xxx (W 2,62)
FamaFlex;2133;133;;Série 2-xxx (W 2,62)
FamaFlex;2134;134;;Série 2-xxx (W 2,62)
FamaFlex;2135;135;;Série 2-xxx (W 2,62)
FamaFlex;2136;136;;Série 2-xxx (W 2,62)
FamaFlex;2137;137;;Série 2-xxx (W 2,62)
FamaFlex;2138;138;;Série 2-xxx (W 2,62)
FamaFlex;2139;139;;Série 2-xxx (W 2,62)
FamaFlex;2140;140;;Série 2-xxx (W 2,62)
FamaFlex;2141;141;;Série 2-xxx (W 2,62)
FamaFlex;2142;142;;Série 2-xxx (W 2,62)
FamaFlex;2143;143;;Série 2-xxx (W 2,62)
FamaFlex;2144;144;;Série 2-xxx (W 2,62)
FamaFlex;2145;145;;Série 2-xxx (W 2,62)
FamaFlex;2146;146;;Série 2-xxx (W 2,62)
FamaFlex;2147;147;;Série 2-xxx (W 2,62)
FamaFlex;2148;148;;Série 2-xxx (W 2,62)
FamaFlex;2149;149;;Série 2-xxx (W 2,62)
FamaFlex;2150;150;;Série 2-xxx (W 2,62)
FamaFlex;2151;151;;Série 2-xxx (W 2,62)
FamaFlex;2152;152;;Série 2-xxx (W 2,62)
FamaFlex;2153;153;;Série 2-xxx (W 2,62)
FamaFlex;2154;154;;Série 2-xxx (W 2,62)
FamaFlex;2155;155;;Série 2-xxx (W 2,62)
FamaFlex;2156;156;;Série 2-xxx (W 2,62)
FamaFlex;2157;157;;Série 2-xxx (W 2,62)
FamaFlex;2158;158;;Série 2-xxx (W 2,62)
FamaFlex;2159;159;;Série 2-xxx (W 2,62)
FamaFlex;2160;160;;Série 2-xxx (W 2,62)
FamaFlex;2161;161;;Série 2-xxx (W 2,62)
FamaFlex;2162;162;;Série 2-xxx (W 2,62)
FamaFlex;2163;163;;Série 2-xxx (W 2,62)
FamaFlex;2164;164;;Série 2-xxx (W 2,62)
FamaFlex;2165;165;;Série 2-xxx (W 2,62)
FamaFlex;2166;166;;Série 2-xxx (W 2,62)
FamaFlex;2167;167;;Série 2-xxx (W 2,62)
FamaFlex;2168;168;;Série 2-xxx (W 2,62)
FamaFlex;2169;169;;Série 2-xxx (W 2,62)
FamaFlex;2170;170;;Série 2-xxx (W 2,62)
FamaFlex;2171;171;;Série 2-xxx (W 2,62)
FamaFlex;2172;172;;Série 2-xxx (W 2,62)
FamaFlex;2173;173;;Série 2-xxx (W 2,62)
FamaFlex;2174;174;;Série 2-xxx (W 2,62)
FamaFlex;2175;175;;Série 2-xxx (W 2,62)
FamaFlex;2176;176;;Série 2-xxx (W 2,62)
FamaFlex;2177;177;;Série 2-xxx (W 2,62)
FamaFlex;2178;178;;Série 2-xxx (W 2,62)
FamaFlex;2201;201;;Série 2-xxx (W 3,53)
FamaFlex;2202;202;;Série 2-xxx (W 3,53)
FamaFlex;2203;203;;Série 2-xxx (W 3,53)
FamaFlex;2204;204;;Série 2-xxx (W 3,53)
FamaFlex;2205;205;;Série 2-xxx (W 3,53)
FamaFlex;2206;206;;Série 2-xxx (W 3,53)
FamaFlex;2207;207;;Série 2-xxx (W 3,53)
FamaFlex;2208;208;;Série 2-xxx (W 3,53)
FamaFlex;2209;209;;Série 2-xxx (W 3,53)
FamaFlex;2210;210;;Série 2-xxx (W 3,53)
FamaFlex;2211;211;;Série 2-xxx (W 3,53)
FamaFlex;2212;212;;Série 2-xxx (W 3,53)
FamaFlex;2213;213;;Série 2-xxx (W 3,53)
FamaFlex;2214;214;;Série 2-xxx (W 3,53)
FamaFlex;2215;215;;Série 2-xxx (W 3,53)
FamaFlex;2216;216;;Série 2-xxx (W 3,53)
FamaFlex;2217;217;;Série 2-xxx (W 3,53)
FamaFlex;2218;218;;Série 2-xxx (W 3,53)
FamaFlex;2219;219;;Série 2-xxx (W 3,53)
FamaFlex;2220;220;;Série 2-xxx (W 3,53)
FamaFlex;2221;221;;Série 2-xxx (W 3,53)
FamaFlex;2222;222;;Série 2-xxx (W 3,53)
FamaFlex;2223;223;;Série 2-xxx (W 3,53)
FamaFlex;2224;224;;Série 2-xxx (W 3,53)
FamaFlex;2225;225;;Série 2-xxx (W 3,53)
FamaFlex;2226;226;;Série 2-xxx (W 3,53)
FamaFlex;2227;227;;Série 2-xxx (W 3,53)
FamaFlex;2228;228;;Série 2-xxx (W 3,53)
FamaFlex;2229;229;;Série 2-xxx (W 3,53)
FamaFlex;2230;230;;Série 2-xxx (W 3,53)
FamaFlex;2231;231;;Série 2-xxx (W 3,53)
FamaFlex;2232;232;;Série 2-xxx (W 3,53)
FamaFlex;2233;233;;Série 2-xxx (W 3,53)
FamaFlex;2234;234;;Série 2-xxx (W 3,53)
FamaFlex;2235;235;;Série 2-xxx (W 3,53)
FamaFlex;2236;236;;Série 2-xxx (W 3,53)
FamaFlex;2237;237;;Série 2-xxx (W 3,53)
FamaFlex;2238;238;;Série 2-xxx (W 3,53)
FamaFlex;2239;239;;Série 2-xxx (W 3,53)
FamaFlex;2240;240;;Série 2-xxx (W 3,53)
FamaFlex;2241;241;;Série 2-xxx (W 3,53)
FamaFlex;2242;242;;Série 2-xxx (W 3,53)
FamaFlex;2243;243;;Série 2-xxx (W 3,53)
FamaFlex;2244;244;;Série 2-xxx (W 3,53)
FamaFlex;2245;245;;Série 2-xxx (W 3,53)
FamaFlex;2246;246;;Série 2-xxx (W 3,53)
FamaFlex;2247;247;;Série 2-xxx (W 3,53)
FamaFlex;2248;248;;Série 2-xxx (W 3,53)
FamaFlex;2249;249;;Série 2-xxx (W 3,53)
FamaFlex;2250;250;;Série 2-xxx (W 3,53)
FamaFlex;2251;251;;Série 2-xxx (W 3,53)
FamaFlex;2252;252;;Série 2-xxx (W 3,53)
FamaFlex;2253;253;;Série 2-xxx (W 3,53)
FamaFlex;2254;254;;Série 2-xxx (W 3,53)
FamaFlex;2255;255;;Série 2-xxx (W 3,53)
FamaFlex;2256;256;;Série 2-xxx (W 3,53)
FamaFlex;2257;257;;Série 2-xxx (W 3,53)
FamaFlex;2258;258;;Série 2-xxx (W 3,53)
FamaFlex;2259;259;;Série 2-xxx (W 3,53)
FamaFlex;2260;260;;Série 2-xxx (W 3,53)
FamaFlex;2261;261;;Série 2-xxx (W 3,53)
FamaFlex;2262;262;;Série 2-xxx (W 3,53)
FamaFlex;2263;263;;Série 2-xxx (W 3,53)
FamaFlex;2264;264;;Série 2-xxx (W 3,53)
FamaFlex;2265;265;;Série 2-xxx (W 3,53)
FamaFlex;2266;266;;Série 2-xxx (W 3,53)
FamaFlex;2267;267;;Série 2-xxx (W 3,53)
FamaFlex;2268;268;;Série 2-xxx (W 3,53)
FamaFlex;2269;269;;Série 2-xxx (W 3,53)
FamaFlex;2270;270;;Série 2-xxx (W 3,53)
FamaFlex;2271;271;;Série 2-xxx (W 3,53)
FamaFlex;2272;272;;Série 2-xxx (W 3,53)
FamaFlex;2273;273;;Série 2-xxx (W 3,53)
FamaFlex;2274;274;;Série 2-xxx (W 3,53)
FamaFlex;2275;275;;Série 2-xxx (W 3,53)
FamaFlex;2276;276;;Série 2-xxx (W 3,53)
FamaFlex;2277;277;;Série 2-xxx (W 3,53)
FamaFlex;2278;278;;Série 2-xxx (W 3,53)
FamaFlex;2279;279;;Série 2-xxx (W 3,53)
FamaFlex;2280;280;;Série 2-xxx (W 3,53)
FamaFlex;2281;281;;Série 2-xxx (W 3,53)
FamaFlex;2282;282;;Série 2-xxx (W 3,53)
FamaFlex;2283;283;;Série 2-xxx (W 3,53)
FamaFlex;2309;309;;Série 2-xxx (W 5,33)
FamaFlex;2310;310;;Série 2-xxx (W 5,33)
FamaFlex;2311;311;;Série 2-xxx (W 5,33)
FamaFlex;2312;312;;Série 2-xxx (W 5,33)
FamaFlex;2313;313;;Série 2-xxx (W 5,33)
FamaFlex;2314;314;;Série 2-xxx (W 5,33)
FamaFlex;2315;315;;Série 2-xxx (W 5,33)
FamaFlex;2316;316;;Série 2-xxx (W 5,33)
FamaFlex;2317;317;;Série 2-xxx (W 5,33)
FamaFlex;2318;318;;Série 2-xxx (W 5,33)
FamaFlex;2319;319;;Série 2-xxx (W 5,33)
FamaFlex;2320;320;;Série 2-xxx (W 5,33)
FamaFlex;2321;321;;Série 2-xxx (W 5,33)
FamaFlex;2322;322;;Série 2-xxx (W 5,33)
FamaFlex;2323;323;;Série 2-xxx (W 5,33)
FamaFlex;2324;324;;Série 2-xxx (W 5,33)
FamaFlex;2325;325;;Série 2-xxx (W 5,33)
FamaFlex;2326;326;;Série 2-xxx (W 5,33)
FamaFlex;2327;327;;Série 2-xxx (W 5,33)
FamaFlex;2328;328;;Série 2-xxx (W 5,33)
FamaFlex;2329;329;;Série 2-xxx (W 5,33)
FamaFlex;2330;330;;Série 2-xxx (W 5,33)
FamaFlex;2331;331;;Série 2-xxx (W 5,33)
FamaFlex;2332;332;;Série 2-xxx (W 5,33)
FamaFlex;2333;333;;Série 2-xxx (W 5,33)
FamaFlex;2334;334;;Série 2-xxx (W 5,33)
FamaFlex;2335;335;;Série 2-xxx (W 5,33)
FamaFlex;2336;336;;Série 2-xxx (W 5,33)
FamaFlex;2337;337;;Série 2-xxx (W 5,33)
FamaFlex;2338;338;;Série 2-xxx (W 5,33)
FamaFlex;2339;339;;Série 2-xxx (W 5,33)
FamaFlex;2340;340;;Série 2-xxx (W 5,33)
FamaFlex;2341;341;;Série 2-xxx (W 5,33)
FamaFlex;2342;342;;Série 2-xxx (W 5,33)
FamaFlex;2343;343;;Série 2-xxx (W 5,33)
FamaFlex;2344;344;;Série 2-xxx (W 5,33)
FamaFlex;2345;345;;Série 2-xxx (W 5,33)
FamaFlex;2346;346;;Série 2-xxx (W 5,33)
FamaFlex;2347;347;;Série 2-xxx (W 5,33)
FamaFlex;2348;348;;Série 2-xxx (W 5,33)
FamaFlex;2349;349;;Série 2-xxx (W 5,33)
FamaFlex;2350;350;;Série 2-xxx (W 5,33)
FamaFlex;2351;351;;Série 2-xxx (W 5,33)
FamaFlex;2352;352;;Série 2-xxx (W 5,33)
FamaFlex;2353;353;;Série 2-xxx (W 5,33)
FamaFlex;2354;354;;Série 2-xxx (W 5,33)
FamaFlex;2355;355;;Série 2-xxx (W 5,33)
FamaFlex;2356;356;;Série 2-xxx (W 5,33)
FamaFlex;2357;357;;Série 2-xxx (W 5,33)
FamaFlex;2358;358;;Série 2-xxx (W 5,33)
FamaFlex;2359;359;;Série 2-xxx (W 5,33)
FamaFlex;2360;360;;Série 2-xxx (W 5,33)
FamaFlex;2361;361;;Série 2-xxx (W 5,33)
FamaFlex;2425;425;;Série 2-xxx (W 6,99)
FamaFlex;2426;426;;Série 2-xxx (W 6,99)
FamaFlex;2427;427;;Série 2-xxx (W 6,99)
FamaFlex;2428;428;;Série 2-xxx (W 6,99)
FamaFlex;2429;429;;Série 2-xxx (W 6,99)
FamaFlex;2430;430;;Série 2-xxx (W 6,99)
FamaFlex;2431;431;;Série 2-xxx (W 6,99)
FamaFlex;2432;432;;Série 2-xxx (W 6,99)
FamaFlex;2433;433;;Série 2-xxx (W 6,99)
FamaFlex;2434;434;;Série 2-xxx (W 6,99)
FamaFlex;2435;435;;Série 2-xxx (W 6,99)
FamaFlex;2436;436;;Série 2-xxx (W 6,99)
FamaFlex;2437;437;;Série 2-xxx (W 6,99)
FamaFlex;2438;438;;Série 2-xxx (W 6,99)
FamaFlex;2439;439;;Série 2-xxx (W 6,99)
FamaFlex;2440;440;;Série 2-xxx (W 6,99)
FamaFlex;2441;441;;Série 2-xxx (W 6,99)
FamaFlex;2442;442;;Série 2-xxx (W 6,99)
FamaFlex;2443;443;;Série 2-xxx (W 6,99)
FamaFlex;2444;444;;Série 2-xxx (W 6,99)
FamaFlex;2445;445;;Série 2-xxx (W 6,99)
FamaFlex;2446;446;;Série 2-xxx (W 6,99)
FamaFlex;2447;447;;Série 2-xxx (W 6,99)
FamaFlex;2448;448;;Série 2-xxx (W 6,99)
FamaFlex;2449;449;;Série 2-xxx (W 6,99)
FamaFlex;2450;450;;Série 2-xxx (W 6,99)
FamaFlex;2451;451;;Série 2-xxx (W 6,99)
FamaFlex;2452;452;;Série 2-xxx (W 6,99)
FamaFlex;2453;453;;Série 2-xxx (W 6,99)
FamaFlex;2454;454;;Série 2-xxx (W 6,99)
FamaFlex;2455;455;;Série 2-xxx (W 6,99)
FamaFlex;2456;456;;Série 2-xxx (W 6,99)
FamaFlex;2457;457;;Série 2-xxx (W 6,99)
FamaFlex;2458;458;;Série 2-xxx (W 6,99)
FamaFlex;2459;459;;Série 2-xxx (W 6,99)
FamaFlex;2460;460;;Série 2-xxx (W 6,99)
FamaFlex;2461;461;;Série 2-xxx (W 6,99)
FamaFlex;2462;462;;Série 2-xxx (W 6,99)
FamaFlex;2463;463;;Série 2-xxx (W 6,99)
FamaFlex;2464;464;;Série 2-xxx (W 6,99)
FamaFlex;2465;465;;Série 2-xxx (W 6,99)
FamaFlex;2466;466;;Série 2-xxx (W 6,99)
FamaFlex;2467;467;;Série 2-xxx (W 6,99)
FamaFlex;2468;468;;Série 2-xxx (W 6,99)
FamaFlex;2469;469;;Série 2-xxx (W 6,99)
FamaFlex;2470;470;;Série 2-xxx (W 6,99)
FamaFlex;2471;471;;Série 2-xxx (W 6,99)
FamaFlex;2472;472;;Série 2-xxx (W 6,99)
FamaFlex;2473;473;;Série 2-xxx (W 6,99)
FamaFlex;2474;474;;Série 2-xxx (W 6,99)
FamaFlex;2475;475;;Série 2-xxx (W 6,99)
FamaFlex;3901;4.7x1.42;;Série 3-xxx
FamaFlex;3902;6.07x1.63;;Série 3-xxx
FamaFlex;3903;7.65x1.63;;Série 3-xxx
FamaFlex;3904;8.92x1.83;;Série 3-xxx
FamaFlex;3905;10.52x1.83;;Série 3-xxx
FamaFlex;3906;11.89x1.98;;Série 3-xxx
FamaFlex;3907;13.46x2.08;;Série 3-xxx
FamaFlex;3908;16.36x2.21;;Série 3-xxx
FamaFlex;3909;17.93x2.46;;Série 3-xxx
FamaFlex;3910;19.18x2.46;;Série 3-xxx
FamaFlex;3911;21.92x2.95;;Série 3-xxx
FamaFlex;3912;23.47x2.95;;Série 3-xxx
FamaFlex;3913;25.04x2.95;;Série 3-xxx
FamaFlex;3914;26.59x2.95;;Série 3-xxx
FamaFlex;3916;29.74x2.95;;Série 3-xxx
FamaFlex;3918;34.42x2.95;;Série 3-xxx
FamaFlex;3920;37.47x3;;Série 3-xxx
FamaFlex;3924;43.69x3;;Série 3-xxx
FamaFlex;3928;53.09x3;;Série 3-xxx
FamaFlex;3932;59.36x3;;Série 3-xxx
Parker;2001;001;NBR (N 0674-70);Medidas Disponíveis
Parker;61177;0.83x1.63;FKM (Viton);Medidas Disponíveis
Parker;2002;002;NBR (N 0674-70);Medidas Disponíveis
Parker;6017;1.15x1;NBR (N 0674-70);Medidas Disponíveis
Parker;2102;102;NBR (N 0674-70);Medidas Disponíveis
Parker;2003;003;NBR (N 0674-70);Medidas Disponíveis
Parker;6188;1.5x0.85;Silicone (MQ);Medidas Disponíveis
Parker;2004;004;NBR (N 0674-70);Medidas Disponíveis
Parker;6247;1.78x1.02;NBR (N 0674-70);Medidas Disponíveis
Parker;6-1228;1.78x1.02;FKM (Viton);Medidas Disponíveis
Parker;6720;1.8x0.7;NBR (N 0674-70);Medidas Disponíveis
Parker;61064;1.8x1.2;FKM (Viton);Medidas Disponíveis
Parker;2103;103;NBR (N 0674-70);Medidas Disponíveis
Parker;6100;2.2x1.6;Silicone (MQ);Medidas Disponíveis
Parker;6-1209;2.5x1;NBR (N 0674-70);Medidas Disponíveis
Parker;2005;005;NBR (N 0674-70);Medidas Disponíveis
Parker;6535;2.6x1.2;NBR (N 0674-70);Medidas Disponíveis
Parker;6045;2.7x1.95;Silicone (MQ);Medidas Disponíveis
Parker;6493;2.79x1.02;NBR (N 0674-70);Medidas Disponíveis
Parker;6742;2.8x1.6;NBR (N 0674-70);Medidas Disponíveis
Parker;2104;104;NBR (N 0674-70);Medidas Disponíveis
Parker;2006;006;NBR (N 0674-70);Medidas Disponíveis
Parker;6192;3x1;NBR (N 0674-70);Medidas Disponíveis
Parker;6553;3x1.5;NBR (N 0674-70);Medidas Disponíveis
Parker;6866;3x2;NBR (N 0674-70);Medidas Disponíveis
Parker;6319;3.1x1.6;NBR (N 0674-70);Medidas Disponíveis
Parker;6813;3.1x1.6;FKM (Viton);Medidas Disponíveis
Parker;61132;3.1x1.6;NBR (N 0674-70);Medidas Disponíveis
Parker;6034;3.3x1.6;NBR (N 0674-70);Medidas Disponíveis
Parker;6037;3.3x1;NBR (N 0674-70);Medidas Disponíveis
Parker;61180;3.3x1.5;FKM (Viton);Medidas Disponíveis
Parker;61075;3.5x1.5;NBR (N 0674-70);Medidas Disponíveis
Parker;2105;105;NBR (N 0674-70);Medidas Disponíveis
Parker;2007;007;NBR (N 0674-70);Medidas Disponíveis
Parker;6611;3.68x1.78;NBR (N 0674-70);Medidas Disponíveis
Parker;6561;3.7x1.9;FKM (Viton);Medidas Disponíveis
Parker;61172;3.8x1.3;FKM (Viton);Medidas Disponíveis
Parker;6641;3.9x1.8;NBR (N 0674-70);Medidas Disponíveis
Parker;6252;4x1;NBR (N 0674-70);Medidas Disponíveis
Parker;6633;4x2;NBR (N 0674-70);Medidas Disponíveis
Parker;6797;4x1.5;NBR (N 0674-70);Medidas Disponíveis
Parker;61011;4x1.5;FKM (Viton);Medidas Disponíveis
Parker;61202;4.09x1.95;NBR (N 0674-70);Medidas Disponíveis
Parker;6530;4.3x2.4;NBR (N 0674-70);Medidas Disponíveis
Parker;2201;201;NBR (N 0674-70);Medidas Disponíveis
Parker;61181;4.38x1.24;FKM (Viton);Medidas Disponíveis
Parker;2106;106;NBR (N 0674-70);Medidas Disponíveis
Parker;61182;4.42x2.62;FKM (Viton);Medidas Disponíveis
Parker;2008;008;NBR (N 0674-70);Medidas Disponíveis
Parker;6234;4.47x1.27;NBR (N 0674-70);Medidas Disponíveis
Parker;61155;4.47x1.78;FKM (Viton);Medidas Disponíveis
Parker;6095;4.5x1.9;NBR (N 0674-70);Medidas Disponíveis
Parker;6492;4.6x2;FKM (Viton);Medidas Disponíveis
Parker;6572;4.6x2.4;NBR (N 0674-70);Medidas Disponíveis
Parker;3901;4.7x1.42;NBR (N 0674-70);Medidas Disponíveis
Parker;6187;4.8x2.2;NBR (N 0674-70);Medidas Disponíveis
Parker;6858;4.9x1.9;NBR (N 0674-70);Medidas Disponíveis
Parker;6019;5x1.5;Silicone (MQ);Medidas Disponíveis
Parker;6060;5x2;NBR (N 0674-70);Medidas Disponíveis
Parker;6552;5x1.75;NBR (N 0674-70);Medidas Disponíveis
Parker;6583;5x2;NBR (N 0674-70);Medidas Disponíveis
Parker;6707;5x1.5;NBR (N 0674-70);Medidas Disponíveis
Parker;6764;5x1.2;NBR (N 0674-70);Medidas Disponíveis
Parker;6844;5x2.5;FKM (Viton);Medidas Disponíveis
Parker;6921;5x2.5;FKM (Viton);Medidas Disponíveis
Parker;6956;5x3;NBR (N 0674-70);Medidas Disponíveis
Parker;61007;5x2.6;NBR (N 0674-70);Medidas Disponíveis
Parker;6-1227;5x2;FKM (Viton);Medidas Disponíveis
Parker;6755;5.03x1.78;NBR (N 0674-70);Medidas Disponíveis
Parker;6785;5.1x2.6;FKM (Viton);Medidas Disponíveis
Parker;2107;107;NBR (N 0674-70);Medidas Disponíveis
Parker;2009;009;NBR (N 0674-70);Medidas Disponíveis
Parker;6458;5.3x2.4;NBR (N 0674-70);Medidas Disponíveis
Parker;6136;5.5x1.5;FKM (Viton);Medidas Disponíveis
Parker;6506;5.5x1.8;Silicone (MQ);Medidas Disponíveis
Parker;6-1229;5.5x2;FKM (Viton);Medidas Disponíveis
Parker;6011;5.6x2.4;NBR (N 0674-70);Medidas Disponíveis
Parker;6511;5.7x1.9;NBR (N 0674-70);Medidas Disponíveis
Parker;61093;5.7x1.9;NBR (N 0674-70);Medidas Disponíveis
Parker;6200;5.8x1.9;NBR (N 0674-70);Medidas Disponíveis
Parker;6209;5.8x2;NBR (N 0674-70);Medidas Disponíveis
Parker;6471;5.92x1.9;NBR (N 0674-70);Medidas Disponíveis
Parker;2202;202;NBR (N 0674-70);Medidas Disponíveis
Parker;6509;6x2;NBR (N 0674-70);Medidas Disponíveis
Parker;6513;6x2.3;NBR (N 0674-70);Medidas Disponíveis
Parker;6582;6x3;NBR (N 0674-70);Medidas Disponíveis
Parker;6650;6x1;NBR (N 0674-70);Medidas Disponíveis
Parker;6690;6x1.5;NBR (N 0674-70);Medidas Disponíveis
Parker;6769;6x2.5;Silicone (MQ);Medidas Disponíveis
Parker;6811;6x1;NBR (N 0674-70);Medidas Disponíveis
Parker;6836;6x1.7;NBR (N 0674-70);Medidas Disponíveis
Parker;6875;6x1;FKM (Viton);Medidas Disponíveis
Parker;6893;6x1.5;NBR (N 0674-70);Medidas Disponíveis
Parker;2108;108;NBR (N 0674-70);Medidas Disponíveis
Parker;61156;6.02x2.62;FKM (Viton);Medidas Disponíveis
Parker;61024;6.03x1.8;NBR (N 0674-70);Medidas Disponíveis
Parker;2010;010;NBR (N 0674-70);Medidas Disponíveis
Parker;3902;6.07x1.63;NBR (N 0674-70);Medidas Disponíveis
Parker;6287;6.07x1.02;NBR (N 0674-70);Medidas Disponíveis
Parker;6915;6.07x1.78;FKM (Viton);Medidas Disponíveis
Parker;61029;6.07x1.78;NBR (N 0674-70);Medidas Disponíveis
Parker;61183;6.07x2.62;FKM (Viton);Medidas Disponíveis
Parker;6995;6.1x1.75;NBR (N 0674-70);Medidas Disponíveis
Parker;6999;6.2x1.5;NBR (N 0674-70);Medidas Disponíveis
Parker;6768;6.26x1.83;NBR (N 0674-70);Medidas Disponíveis
Parker;6049;6.3x2.4;FKM (Viton);Medidas Disponíveis
Parker;6616;6.3x1.02;NBR (N 0674-70);Medidas Disponíveis
Parker;61091;6.3x2.4;NBR (N 0674-70);Medidas Disponíveis
Parker;61153;6.35x4.25;FKM (Viton);Medidas Disponíveis
Parker;6814;6.4x1.5;NBR (N 0674-70);Medidas Disponíveis
Parker;6929;6.4x2.5;NBR (N 0674-70);Medidas Disponíveis
Parker;61097;6.4x1.9;NBR (N 0674-70);Medidas Disponíveis
Parker;6058;6.5x2;FKM (Viton);Medidas Disponíveis
Parker;6264;6.6x1.8;FKM (Viton);Medidas Disponíveis
Parker;6772;6.6x2.62;NBR (N 0674-70);Medidas Disponíveis
Parker;61059;6.6x2.62;NBR (N 0674-70);Medidas Disponíveis
Parker;61142;6.6x2.62;NBR (N 0674-70);Medidas Disponíveis
Parker;6895;6.7x1.8;FKM (Viton);Medidas Disponíveis
Parker;61079;6.7x1.8;NBR (N 0674-70);Medidas Disponíveis
Parker;6501;6.75x1.78;NBR (N 0674-70);Medidas Disponíveis
Parker;6846;6.75x1.78;FKM (Viton);Medidas Disponíveis
Parker;6955;6.75x1.78;NBR (N 0674-70);Medidas Disponíveis
Parker;6107;6.8x1.9;NBR (N 0674-70);Medidas Disponíveis
Parker;61067;6.8x1.9;NBR (N 0674-70);Medidas Disponíveis
Parker;6721;6.9x1.2;NBR (N 0674-70);Medidas Disponíveis
Parker;6113;7x1.7;NBR (N 0674-70);Medidas Disponíveis
Parker;6330;7x1.5;NBR (N 0674-70);Medidas Disponíveis
Parker;6529;7x2.2;NBR (N 0674-70);Medidas Disponíveis
Parker;6560;7x2;FKM (Viton);Medidas Disponíveis
Parker;6809;7x1.5;NBR (N 0674-70);Medidas Disponíveis
Parker;6886;7x1.5;NBR (N 0674-70);Medidas Disponíveis
Parker;6934;7x2.4;NBR (N 0674-70);Medidas Disponíveis
Parker;6932;7.1x1.6;NBR (N 0674-70);Medidas Disponíveis
Parker;6185;7.2x2.2;NBR (N 0674-70);Medidas Disponíveis
Parker;6600;7.2x1.9;NBR (N 0674-70);Medidas Disponíveis
Parker;6649;7.2x3;NBR (N 0674-70);Medidas Disponíveis
Parker;6804;7.27x2.7;NBR (N 0674-70);Medidas Disponíveis
Parker;6206;7.3x2.4;NBR (N 0674-70);Medidas Disponíveis
Parker;6801;7.3x2.4;NBR (N 0674-70);Medidas Disponíveis
Parker;6817;7.3x2.4;FKM (Viton);Medidas Disponíveis
Parker;61050;7.37x1.81;NBR (N 0674-70);Medidas Disponíveis
Parker;61074;7.37x1.81;NBR (N 0674-70);Medidas Disponíveis
Parker;6059;7.5x2;NBR (N 0674-70);Medidas Disponíveis
Parker;6479;7.5x2.5;NBR (N 0674-70);Medidas Disponíveis
Parker;6657;7.5x1.5;NBR (N 0674-70);Medidas Disponíveis
Parker;6903;7.5x2;NBR (N 0674-70);Medidas Disponíveis
Parker;6991;7.5x1.8;NBR (N 0674-70);Medidas Disponíveis
Parker;61043;7.5x3;FKM (Viton);Medidas Disponíveis
Parker;6-1217;7.5x2;FKM (Viton);Medidas Disponíveis
Parker;6863;7.51x3.53;FKM (Viton);Medidas Disponíveis
Parker;2203;203;NBR (N 0674-70);Medidas Disponíveis
Parker;6818;7.52x3.51;FKM (Viton);Medidas Disponíveis
Parker;61034;7.52x3.91;FKM (Viton);Medidas Disponíveis
Parker;6756;7.55x2.9;NBR (N 0674-70);Medidas Disponíveis
Parker;2109;109;NBR (N 0674-70);Medidas Disponíveis
Parker;61157;7.59x2.62;FKM (Viton);Medidas Disponíveis
Parker;6146;7.6x0.8;NBR (N 0674-70);Medidas Disponíveis
Parker;6681;7.6x2.4;NBR (N 0674-70);Medidas Disponíveis
Parker;6841;7.6x4;NBR (N 0674-70);Medidas Disponíveis
Parker;2011;011;NBR (N 0674-70);Medidas Disponíveis
Parker;3903;7.65x1.63;NBR (N 0674-70);Medidas Disponíveis
Parker;6790;7.65x1.78;NBR (N 0674-70);Medidas Disponíveis
Parker;6885;7.65x1.78;NBR (N 0674-70);Medidas Disponíveis
Parker;6905;7.65x1.78;FKM (Viton);Medidas Disponíveis
Parker;61065;7.65x1.78;FKM (Viton);Medidas Disponíveis
Parker;61147;7.65x1.78;NBR (N 0674-70);Medidas Disponíveis
Parker;61066;7.66x1.78;FKM (Viton);Medidas Disponíveis
Parker;6837;7.7x1.6;NBR (N 0674-70);Medidas Disponíveis
Parker;6894;7.7x2;FKM (Viton);Medidas Disponíveis
Parker;6512;7.75x1.88;NBR (N 0674-70);Medidas Disponíveis
Parker;6704;7.8x3.6;FKM (Viton);Medidas Disponíveis
Parker;6856;7.8x1.03;FKM (Viton);Medidas Disponíveis
Parker;6868;7.9x2.5;NBR (N 0674-70);Medidas Disponíveis
Parker;6311;7.92x4.78;NBR (N 0674-70);Medidas Disponíveis
Parker;6528;7.97x1.88;NBR (N 0674-70);Medidas Disponíveis
Parker;6020;8x2.5;NBR (N 0674-70);Medidas Disponíveis
Parker;6061;8x2;NBR (N 0674-70);Medidas Disponíveis
Parker;6253;8x1.5;NBR (N 0674-70);Medidas Disponíveis
Parker;6488;8x1.9;NBR (N 0674-70);Medidas Disponíveis
Parker;6869;8x2;FKM (Viton);Medidas Disponíveis
Parker;6870;8x2.5;NBR (N 0674-70);Medidas Disponíveis
Parker;6882;8x2.5;FKM (Viton);Medidas Disponíveis
Parker;61084;8x2.5;NBR (N 0674-70);Medidas Disponíveis
Parker;61123;8x1.8;FKM (Viton);Medidas Disponíveis
Parker;61178;8x2;FKM (Viton);Medidas Disponíveis
Parker;6-1216;8x2;FKM (Viton);Medidas Disponíveis
Parker;61051;8.03x1.96;NBR (N 0674-70);Medidas Disponíveis
Parker;6896;8.1x1.6;NBR (N 0674-70);Medidas Disponíveis
Parker;61010;8.1x2;FKM (Viton);Medidas Disponíveis
Parker;6680;8.13x1.78;NBR (N 0674-70);Medidas Disponíveis
Parker;61104;8.13x1.78;FKM (Viton);Medidas Disponíveis
Parker;6521;8.2x1.5;NBR (N 0674-70);Medidas Disponíveis
Parker;6862;8.25x1.78;FKM (Viton);Medidas Disponíveis
Parker;6032;8.3x2.4;Silicone (MQ);Medidas Disponíveis
Parker;6489;8.3x0.8;NBR (N 0674-70);Medidas Disponíveis
Parker;6795;8.3x2.4;NBR (N 0674-70);Medidas Disponíveis
Parker;61105;8.3x2.4;FKM (Viton);Medidas Disponíveis
Parker;6021;8.5x1.5;NBR (N 0674-70);Medidas Disponíveis
Parker;6111;8.5x1.7;NBR (N 0674-70);Medidas Disponíveis
Parker;6147;8.5x2.5;FKM (Viton);Medidas Disponíveis
Parker;61140;8.5x2;NBR (N 0674-70);Medidas Disponíveis
Parker;6308;8.73x1.78;NBR (N 0674-70);Medidas Disponíveis
Parker;6591;8.8x1.9;NBR (N 0674-70);Medidas Disponíveis
Parker;6-1226;8.8x1.9;NBR (N 0674-70);Medidas Disponíveis
Parker;6-1278;8.8x1.9;NBR (N 0674-70);Medidas Disponíveis
Parker;6478;8.9x1.9;NBR (N 0674-70);Medidas Disponíveis
Parker;3904;8.92x1.83;NBR (N 0674-70);Medidas Disponíveis
Parker;6023;9x2;NBR (N 0674-70);Medidas Disponíveis
Parker;6090;9x3;NBR (N 0674-70);Medidas Disponíveis
Parker;6218;9x1.5;NBR (N 0674-70);Medidas Disponíveis
Parker;6610;9x2.5;NBR (N 0674-70);Medidas Disponíveis
Parker;6716;9x2;NBR (N 0674-70);Medidas Disponíveis
Parker;6872;9x2.5;FKM (Viton);Medidas Disponíveis
Parker;6883;9x2.5;NBR (N 0674-70);Medidas Disponíveis
Parker;61002;9x1.6;NBR (N 0674-70);Medidas Disponíveis
Parker;61128;9x2.5;FKM (Viton);Medidas Disponíveis
Parker;61139;9x1.6;NBR (N 0674-70);Medidas Disponíveis
Parker;6705;9.09x2.62;FKM (Viton);Medidas Disponíveis
Parker;6571;9.1x1.6;FKM (Viton);Medidas Disponíveis
Parker;2204;204;NBR (N 0674-70);Medidas Disponíveis
Parker;2110;110;NBR (N 0674-70);Medidas Disponíveis
Parker;6472;9.19x2.62;NBR (N 0674-70);Medidas Disponíveis
Parker;61054;9.19x2.62;NBR (N 0674-70);Medidas Disponíveis
Parker;6832;9.23x2.64;NBR (N 0674-70);Medidas Disponíveis
Parker;2012;012;NBR (N 0674-70);Medidas Disponíveis
Parker;6465;9.25x1.78;FKM (Viton);Medidas Disponíveis
Parker;6791;9.25x1.78;FKM (Viton);Medidas Disponíveis
Parker;6906;9.25x2.39;NBR (N 0674-70);Medidas Disponíveis
Parker;6912;9.25x1.78;NBR (N 0674-70);Medidas Disponíveis
Parker;61111;9.25x1.78;NBR (N 0674-70);Medidas Disponíveis
Parker;61112;9.25x1.78;NBR (N 0674-70);Medidas Disponíveis
Parker;6096;9.3x2.4;NBR (N 0674-70);Medidas Disponíveis
Parker;61041;9.3x2.4;NBR (N 0674-70);Medidas Disponíveis
Parker;61146;9.3x2.4;NBR (N 0674-70);Medidas Disponíveis
Parker;61167;9.3x2.4;NBR (N 0674-70);Medidas Disponíveis
Parker;6556;9.4x2.4;NBR (N 0674-70);Medidas Disponíveis
Parker;6245;9.5x1.6;NBR (N 0674-70);Medidas Disponíveis
Parker;6544;9.5x1.5;Silicone (MQ);Medidas Disponíveis
Parker;6775;9.5x3;NBR (N 0674-70);Medidas Disponíveis
Parker;6941;9.5x1.5;FKM (Viton);Medidas Disponíveis
Parker;61033;9.5x1.78;NBR (N 0674-70);Medidas Disponíveis
Parker;61116;9.5x1.5;NBR (N 0674-70);Medidas Disponíveis
Parker;61122;9.5x1.9;FKM (Viton);Medidas Disponíveis
Parker;6-1252;9.5x1.6;FKM (Viton);Medidas Disponíveis
Parker;6038;9.6x3.7;NBR (N 0674-70);Medidas Disponíveis
Parker;6573;9.6x2.4;NBR (N 0674-70);Medidas Disponíveis
Parker;6-1287;9.6x2.4;NBR (N 0674-70);Medidas Disponíveis
Parker;6741;9.8x2.62;FKM (Viton);Medidas Disponíveis
Parker;6754;9.8x1.9;NBR (N 0674-70);Medidas Disponíveis
Parker;6943;9.8x1.9;NBR (N 0674-70);Medidas Disponíveis
Parker;61030;9.8x1.9;NBR (N 0674-70);Medidas Disponíveis
Parker;61080;9.8x1.9;NBR (N 0674-70);Medidas Disponíveis
Parker;61154;9.81x2.44;FKM (Viton);Medidas Disponíveis
Parker;6461;9.92x2.62;FKM (Viton);Medidas Disponíveis
Parker;6664;9.92x2.65;NBR (N 0674-70);Medidas Disponíveis
Parker;6654;10x2.65;NBR (N 0674-70);Medidas Disponíveis
Parker;6694;10x3;NBR (N 0674-70);Medidas Disponíveis
Parker;6771;10x1.7;NBR (N 0674-70);Medidas Disponíveis
Parker;6774;10x1;NBR (N 0674-70);Medidas Disponíveis
Parker;6786;10x2;NBR (N 0674-70);Medidas Disponíveis
Parker;6871;10x3;NBR (N 0674-70);Medidas Disponíveis
Parker;6877;10x1.5;NBR (N 0674-70);Medidas Disponíveis
Parker;6940;10x1.6;NBR (N 0674-70);Medidas Disponíveis
Parker;6942;10x2.6;FKM (Viton);Medidas Disponíveis
Parker;61042;10x2.62;NBR (N 0674-70);Medidas Disponíveis
Parker;61149;10x1.5;FKM (Viton);Medidas Disponíveis
Parker;6-1211;10x1.5;NBR (N 0674-70);Medidas Disponíveis
Parker;6-1218;10x2.2;FKM (Viton);Medidas Disponíveis
Parker;6002;10x4;NBR (N 0674-70);Medidas Disponíveis
Parker;6005;10x2.5;NBR (N 0674-70);Medidas Disponíveis
Parker;6031;10x6.5;FKM (Viton);Medidas Disponíveis
Parker;6047;10x2;NBR (N 0674-70);Medidas Disponíveis
Parker;6057;10x2.2;NBR (N 0674-70);Medidas Disponíveis
Parker;6152;10x3;FKM (Viton);Medidas Disponíveis
Parker;6236;10x1.3;NBR (N 0674-70);Medidas Disponíveis
Parker;6487;10x1;NBR (N 0674-70);Medidas Disponíveis
Parker;6584;10x3;Silicone (MQ);Medidas Disponíveis
Parker;6638;10.1x1.6;NBR (N 0674-70);Medidas Disponíveis
Parker;61053;10.16x1.85;NBR (N 0674-70);Medidas Disponíveis
Parker;61073;10.16x1.85;NBR (N 0674-70);Medidas Disponíveis
Parker;6612;10.3x2.4;Silicone (MQ);Medidas Disponíveis
Parker;6897;10.4x2.4;NBR (N 0674-70);Medidas Disponíveis
Parker;2309;309;NBR (N 0674-70);Medidas Disponíveis
Parker;6024;10.5x1.5;NBR (N 0674-70);Medidas Disponíveis
Parker;6240;10.5x1;NBR (N 0674-70);Medidas Disponíveis
Parker;6599;10.5x2.7;NBR (N 0674-70);Medidas Disponíveis
Parker;3905;10.52x1.83;NBR (N 0674-70);Medidas Disponíveis
Parker;61081;10.6x1.56;NBR (N 0674-70);Medidas Disponíveis
Parker;6913;10.68x3.53;NBR (N 0674-70);Medidas Disponíveis
Parker;2205;205;NBR (N 0674-70);Medidas Disponíveis
Parker;2111;111;NBR (N 0674-70);Medidas Disponíveis
Parker;6133;10.78x1.26;NBR (N 0674-70);Medidas Disponíveis
Parker;6186;10.8x2.4;NBR (N 0674-70);Medidas Disponíveis
Parker;6524;10.8x2;NBR (N 0674-70);Medidas Disponíveis
Parker;6688;10.8x1.8;NBR (N 0674-70);Medidas Disponíveis
Parker;6850;10.8x1.78;NBR (N 0674-70);Medidas Disponíveis
Parker;61082;10.8x2.4;NBR (N 0674-70);Medidas Disponíveis
Parker;2013;013;NBR (N 0674-70);Medidas Disponíveis
Parker;61044;10.82x1.02;NBR (N 0674-70);Medidas Disponíveis
Parker;61047;10.82x1.78;NBR (N 0674-70);Medidas Disponíveis
Parker;61144;10.82x1.78;NBR (N 0674-70);Medidas Disponíveis
Parker;61205;10.82x1.78;NBR (N 0674-70);Medidas Disponíveis
Parker;6041;11x3.4;NBR (N 0674-70);Medidas Disponíveis
Parker;6157;11x1.5;NBR (N 0674-70);Medidas Disponíveis
Parker;6226;11x2;NBR (N 0674-70);Medidas Disponíveis
Parker;6485;11x2.5;NBR (N 0674-70);Medidas Disponíveis
Parker;6505;11x4;NBR (N 0674-70);Medidas Disponíveis
Parker;6884;11x3.4;NBR (N 0674-70);Medidas Disponíveis
Parker;61020;11x3.4;NBR (N 0674-70);Medidas Disponíveis
Parker;6-1210;11x1.3;NBR (N 0674-70);Medidas Disponíveis
Parker;6118;11.1x1.78;NBR (N 0674-70);Medidas Disponíveis
Parker;6309;11.11x1.78;NBR (N 0674-70);Medidas Disponíveis
Parker;6515;11.2x2.75;NBR (N 0674-70);Medidas Disponíveis
Parker;6765;11.3x2.4;NBR (N 0674-70);Medidas Disponíveis
Parker;6822;11.3x2.4;NBR (N 0674-70);Medidas Disponíveis
Parker;6001;11.5x3;NBR (N 0674-70);Medidas Disponíveis
Parker;6217;11.5x2;NBR (N 0674-70);Medidas Disponíveis
Parker;6692;11.5x1.5;NBR (N 0674-70);Medidas Disponíveis
Parker;6-1314;11.5x1.5;NBR (N 0674-70);Medidas Disponíveis
Parker;6574;11.6x2.4;NBR (N 0674-70);Medidas Disponíveis
Parker;61055;11.6x2.62;NBR (N 0674-70);Medidas Disponíveis
Parker;61179;11.63x1.78;NBR (N 0674-70);Medidas Disponíveis
Parker;6579;11.68x2.03;NBR (N 0674-70);Medidas Disponíveis
Parker;3906;11.89x1.98;NBR (N 0674-70);Medidas Disponíveis
Parker;6497;11.89x1.78;NBR (N 0674-70);Medidas Disponíveis
Parker;6936;11.91x2.62;NBR (N 0674-70);Medidas Disponíveis
Parker;6025;12x1.5;NBR (N 0674-70);Medidas Disponíveis
Parker;6091;12x2;NBR (N 0674-70);Medidas Disponíveis
Parker;6462;12x3;NBR (N 0674-70);Medidas Disponíveis
Parker;6711;12x1.7;NBR (N 0674-70);Medidas Disponíveis
Parker;6767;12x2.25;NBR (N 0674-70);Medidas Disponíveis
Parker;6-1232;12x1.7;NBR (N 0674-70);Medidas Disponíveis
Parker;6482;12.06x5.33;NBR (N 0674-70);Medidas Disponíveis
Parker;2310;310;NBR (N 0674-70);Medidas Disponíveis
Parker;6304;12.1x1.6;NBR (N 0674-70);Medidas Disponíveis
Parker;6480;12.1x2.7;NBR (N 0674-70);Medidas Disponíveis
Parker;6781;12.1x1.6;NBR (N 0674-70);Medidas Disponíveis
Parker;6939;12.16x1.74;NBR (N 0674-70);Medidas Disponíveis
Parker;2206;206;NBR (N 0674-70);Medidas Disponíveis
Parker;6151;12.3x2.4;NBR (N 0674-70);Medidas Disponíveis
Parker;2112;112;NBR (N 0674-70);Medidas Disponíveis
Parker;6992;12.37x2.62;FKM (Viton);Medidas Disponíveis
Parker;2014;014;NBR (N 0674-70);Medidas Disponíveis
Parker;6861;12.42x1.78;FKM (Viton);Medidas Disponíveis
Parker;6901;12.42x1.78;NBR (N 0674-70);Medidas Disponíveis
Parker;6993;12.42x1.78;FKM (Viton);Medidas Disponíveis
Parker;6994;12.42x1.78;NBR (N 0674-70);Medidas Disponíveis
Parker;61028;12.42x1.78;NBR (N 0674-70);Medidas Disponíveis
Parker;6917;12.5x2;FKM (Viton);Medidas Disponíveis
Parker;61032;12.5x2.6;NBR (N 0674-70);Medidas Disponíveis
Parker;61121;12.52x1.78;FKM (Viton);Medidas Disponíveis
Parker;61038;12.55x1;FKM (Viton);Medidas Disponíveis
Parker;6203;12.7x3.18;NBR (N 0674-70);Medidas Disponíveis
Parker;6436;12.7x2.92;NBR (N 0674-70);Medidas Disponíveis
Parker;61052;12.93x1.86;NBR (N 0674-70);Medidas Disponíveis
Parker;61072;12.93x1.86;NBR (N 0674-70);Medidas Disponíveis
Parker;6029;13x2;NBR (N 0674-70);Medidas Disponíveis
Parker;6117;13x2.5;NBR (N 0674-70);Medidas Disponíveis
Parker;6399;13x3.05;NBR (N 0674-70);Medidas Disponíveis
Parker;6517;13x3;NBR (N 0674-70);Medidas Disponíveis
Parker;6655;13x2.5;NBR (N 0674-70);Medidas Disponíveis
Parker;6675;13x3.5;NBR (N 0674-70);Medidas Disponíveis
Parker;6735;13x1.5;NBR (N 0674-70);Medidas Disponíveis
Parker;6802;13x1;NBR (N 0674-70);Medidas Disponíveis
Parker;61099;13x1.5;NBR (N 0674-70);Medidas Disponíveis
Parker;6205;13.1x2.62;NBR (N 0674-70);Medidas Disponíveis
Parker;6898;13.1x1.6;NBR (N 0674-70);Medidas Disponíveis
Parker;6997;13.1x2.62;FKM (Viton);Medidas Disponíveis
Parker;6998;13.1x2.62;NBR (N 0674-70);Medidas Disponíveis
Parker;6984;13.2x1.8;NBR (N 0674-70);Medidas Disponíveis
Parker;6525;13.3x2.4;NBR (N 0674-70);Medidas Disponíveis
Parker;61188;13.3x2.4;NBR (N 0674-70);Medidas Disponíveis
Parker;6899;13.4x2.4;NBR (N 0674-70);Medidas Disponíveis
Parker;61083;13.4x2.4;NBR (N 0674-70);Medidas Disponíveis
Parker;61145;13.4x1.8;NBR (N 0674-70);Medidas Disponíveis
Parker;3907;13.46x2.08;NBR (N 0674-70);Medidas Disponíveis
Parker;6149;13.48x1.6;NBR (N 0674-70);Medidas Disponíveis
Parker;6008;13.6x3;NBR (N 0674-70);Medidas Disponíveis
Parker;6628;13.6x2.7;NBR (N 0674-70);Medidas Disponíveis
Parker;2311;311;NBR (N 0674-70);Medidas Disponíveis
Parker;6101;13.7x1;NBR (N 0674-70);Medidas Disponíveis
Parker;6543;13.72x2.56;NBR (N 0674-70);Medidas Disponíveis
Parker;6220;13.8x2.5;NBR (N 0674-70);Medidas Disponíveis
Parker;61113;13.8x2.5;NBR (N 0674-70);Medidas Disponíveis
Parker;2207;207;NBR (N 0674-70);Medidas Disponíveis
Parker;61060;13.87x3.53;NBR (N 0674-70);Medidas Disponíveis
Parker;61143;13.87x3.53;NBR (N 0674-70);Medidas Disponíveis
Parker;6580;13.89x1.3;NBR (N 0674-70);Medidas Disponíveis
Parker;2113;113;NBR (N 0674-70);Medidas Disponíveis
Parker;6864;13.94x2.62;FKM (Viton);Medidas Disponíveis
Parker;61039;13.94x2.62;NBR (N 0674-70);Medidas Disponíveis
Parker;61141;13.94x2.62;NBR (N 0674-70);Medidas Disponíveis
Parker;6-1268;13.95x2.62;NBR (N 0674-70);Medidas Disponíveis
Parker;6437;13.97x2.54;NBR (N 0674-70);Medidas Disponíveis
Parker;61046;13.99x1.78;NBR (N 0674-70);Medidas Disponíveis
Parker;2015;015;NBR (N 0674-70);Medidas Disponíveis
Parker;6224;14x1.5;NBR (N 0674-70);Medidas Disponíveis
Parker;6239;14x4;NBR (N 0674-70);Medidas Disponíveis
Parker;6402;14x3;Silicone (MQ);Medidas Disponíveis
Parker;6486;14x1;NBR (N 0674-70);Medidas Disponíveis
Parker;6554;14x2;NBR (N 0674-70);Medidas Disponíveis
Parker;6842;14x2.65;NBR (N 0674-70);Medidas Disponíveis
Parker;6849;14x1.78;NBR (N 0674-70);Medidas Disponíveis
Parker;6988;14x3;FKM (Viton);Medidas Disponíveis
Parker;61003;14x3;NBR (N 0674-70);Medidas Disponíveis
Parker;61061;14x2.5;FKM (Viton);Medidas Disponíveis
Parker;61094;14x2.35;FKM (Viton);Medidas Disponíveis
Parker;61109;14x1.2;NBR (N 0674-70);Medidas Disponíveis
Parker;61169;14x1;FKM (Viton);Medidas Disponíveis
Parker;6639;14.1x1.6;NBR (N 0674-70);Medidas Disponíveis
Parker;6744;14.3x2.4;Silicone (MQ);Medidas Disponíveis
Parker;6794;14.3x2.4;FKM (Viton);Medidas Disponíveis
Parker;6523;14.4x2;NBR (N 0674-70);Medidas Disponíveis
Parker;61102;14.51x2.78;NBR (N 0674-70);Medidas Disponíveis
Parker;61194;14.9x1.5;FKM (Viton);Medidas Disponíveis
Parker;61193;14.96x1.5;NBR (N 0674-70);Medidas Disponíveis
Parker;6004;15x2.5;NBR (N 0674-70);Medidas Disponíveis
Parker;6007;15x2;Silicone (MQ);Medidas Disponíveis
Parker;6102;15x1;NBR (N 0674-70);Medidas Disponíveis
Parker;6222;15x3;NBR (N 0674-70);Medidas Disponíveis
Parker;6564;15x2;NBR (N 0674-70);Medidas Disponíveis
Parker;6827;15x1.5;NBR (N 0674-70);Medidas Disponíveis
Parker;61108;15x2;FKM (Viton);Medidas Disponíveis
Parker;6-1256;15x2;NBR (N 0674-70);Medidas Disponíveis
Parker;6-1274;15x1.4;NBR (N 0674-70);Medidas Disponíveis
Parker;6481;15.1x2.7;NBR (N 0674-70);Medidas Disponíveis
Parker;6120;15.2x1.78;NBR (N 0674-70);Medidas Disponíveis
Parker;6727;15.2x2;FKM (Viton);Medidas Disponíveis
Parker;2312;312;NBR (N 0674-70);Medidas Disponíveis
Parker;6160;15.3x2.4;NBR (N 0674-70);Medidas Disponíveis
Parker;2208;208;NBR (N 0674-70);Medidas Disponíveis
Parker;6908;15.47x3.53;NBR (N 0674-70);Medidas Disponíveis
Parker;6494;15.5x1.2;NBR (N 0674-70);Medidas Disponíveis
Parker;61058;15.5x1.5;NBR (N 0674-70);Medidas Disponíveis
Parker;2114;114;NBR (N 0674-70);Medidas Disponíveis
Parker;6815;15.54x2.62;FKM (Viton);Medidas Disponíveis
Parker;61197;15.54x2.62;NBR (N 0674-70);Medidas Disponíveis
Parker;6-1269;15.54x2.62;NBR (N 0674-70);Medidas Disponíveis
Parker;6183;15.57x4.27;NBR (N 0674-70);Medidas Disponíveis
Parker;2016;016;NBR (N 0674-70);Medidas Disponíveis
Parker;6575;15.6x2.4;NBR (N 0674-70);Medidas Disponíveis
Parker;6952;15.8x2.4;FKM (Viton);Medidas Disponíveis
Parker;61135;15.8x1.9;NBR (N 0674-70);Medidas Disponíveis
Parker;61191;15.8x2.4;NBR (N 0674-70);Medidas Disponíveis
Parker;6310;15.88x2.62;NBR (N 0674-70);Medidas Disponíveis
Parker;6153;16x2;Silicone (MQ);Medidas Disponíveis
Parker;6180;16x2;NBR (N 0674-70);Medidas Disponíveis
Parker;6407;16x4;NBR (N 0674-70);Medidas Disponíveis
Parker;6446;16x4.5;NBR (N 0674-70);Medidas Disponíveis
Parker;6457;16x3;NBR (N 0674-70);Medidas Disponíveis
Parker;6516;16x2.5;NBR (N 0674-70);Medidas Disponíveis
Parker;6555;16x1.5;Silicone (MQ);Medidas Disponíveis
Parker;61012;16x2.5;FKM (Viton);Medidas Disponíveis
Parker;61184;16x2;NBR (N 0674-70);Medidas Disponíveis
Parker;6614;16.1x1.6;NBR (N 0674-70);Medidas Disponíveis
Parker;6833;16.1x1.6;NBR (N 0674-70);Medidas Disponíveis
Parker;6900;16.1x1.6;NBR (N 0674-70);Medidas Disponíveis
Parker;6829;16.2x2.4;NBR (N 0674-70);Medidas Disponíveis
Parker;6867;16.3x2.4;NBR (N 0674-70);Medidas Disponíveis
Parker;3908;16.36x2.21;NBR (N 0674-70);Medidas Disponíveis
Parker;6491;16.36x2.21;NBR (N 0674-70);Medidas Disponíveis
Parker;6099;16.5x2.62;NBR (N 0674-70);Medidas Disponíveis
Parker;6262;16.65x1.1;Silicone (MQ);Medidas Disponíveis
Parker;6594;16.7x3.4;NBR (N 0674-70);Medidas Disponíveis
Parker;61134;16.76x1.9;NBR (N 0674-70);Medidas Disponíveis
Parker;61124;16.8x2.4;NBR (N 0674-70);Medidas Disponíveis
Parker;2313;313;NBR (N 0674-70);Medidas Disponíveis
Parker;6909;16.85x2.95;NBR (N 0674-70);Medidas Disponíveis
Parker;6009;17x2;NBR (N 0674-70);Medidas Disponíveis
Parker;6105;17x1;NBR (N 0674-70);Medidas Disponíveis
Parker;6108;17x2.5;NBR (N 0674-70);Medidas Disponíveis
Parker;6178;17x3;NBR (N 0674-70);Medidas Disponíveis
Parker;6499;17x1.5;FKM (Viton);Medidas Disponíveis
Parker;6851;17x2;NBR (N 0674-70);Medidas Disponíveis
Parker;6880;17x2;FKM (Viton);Medidas Disponíveis
Parker;6-1233;17x3;NBR (N 0674-70);Medidas Disponíveis
Parker;2209;209;NBR (N 0674-70);Medidas Disponíveis
Parker;6452;17.04x3.53;FKM (Viton);Medidas Disponíveis
Parker;6719;17.1x1.6;NBR (N 0674-70);Medidas Disponíveis
Parker;2115;115;NBR (N 0674-70);Medidas Disponíveis
Parker;6990;17.12x2.62;FKM (Viton);Medidas Disponíveis
Parker;2017;017;NBR (N 0674-70);Medidas Disponíveis
Parker;6531;17.17x1.78;NBR (N 0674-70);Medidas Disponíveis
Parker;6874;17.17x1.78;FKM (Viton);Medidas Disponíveis
Parker;61204;17.17x1.78;NBR (N 0674-70);Medidas Disponíveis
Parker;6207;17.2x3;NBR (N 0674-70);Medidas Disponíveis
Parker;6215;17.3x2.4;NBR (N 0674-70);Medidas Disponíveis
Parker;6729;17.3x2.4;NBR (N 0674-70);Medidas Disponíveis
Parker;6110;17.8x2.4;NBR (N 0674-70);Medidas Disponíveis
Parker;3909;17.93x2.46;NBR (N 0674-70);Medidas Disponíveis
Parker;6040;18x2.5;NBR (N 0674-70);Medidas Disponíveis
Parker;6163;18x2.2;FKM (Viton);Medidas Disponíveis
Parker;6533;18x1.5;NBR (N 0674-70);Medidas Disponíveis
Parker;6559;18x2;FKM (Viton);Medidas Disponíveis
Parker;6617;18x2;FKM (Viton);Medidas Disponíveis
Parker;6845;18x2.5;FKM (Viton);Medidas Disponíveis
Parker;6890;18x3;NBR (N 0674-70);Medidas Disponíveis
Parker;6989;18x3;FKM (Viton);Medidas Disponíveis
Parker;6-1270;18x2;NBR (N 0674-70);Medidas Disponíveis
Parker;61174;18.1x1.45;NBR (N 0674-70);Medidas Disponíveis
Parker;6-1260;18.1x1.6;NBR (N 0674-70);Medidas Disponíveis
Parker;6642;18.3x2.4;NBR (N 0674-70);Medidas Disponíveis
Parker;2314;314;NBR (N 0674-70);Medidas Disponíveis
Parker;2210;210;NBR (N 0674-70);Medidas Disponíveis
Parker;6398;18.64x4.06;FKM (Viton);Medidas Disponíveis
Parker;6907;18.64x3.53;NBR (N 0674-70);Medidas Disponíveis
Parker;2116;116;NBR (N 0674-70);Medidas Disponíveis
Parker;6843;18.72x2.62;NBR (N 0674-70);Medidas Disponíveis
Parker;61068;18.76x1.9;NBR (N 0674-70);Medidas Disponíveis
Parker;2018;018;NBR (N 0674-70);Medidas Disponíveis
Parker;6167;18.77x5.05;NBR (N 0674-70);Medidas Disponíveis
Parker;6464;18.77x1.78;FKM (Viton);Medidas Disponíveis
Parker;61175;18.77x1.78;FKM (Viton);Medidas Disponíveis
Parker;61203;18.77x1.78;NBR (N 0674-70);Medidas Disponíveis
Parker;61206;18.77x1.78;NBR (N 0674-70);Medidas Disponíveis
Parker;6-1271;18.77x1.78;NBR (N 0674-70);Medidas Disponíveis
Parker;6119;19x1.75;NBR (N 0674-70);Medidas Disponíveis
Parker;6121;19x2.3;NBR (N 0674-70);Medidas Disponíveis
Parker;6244;19x1.8;NBR (N 0674-70);Medidas Disponíveis
Parker;6551;19x1;NBR (N 0674-70);Medidas Disponíveis
Parker;61023;19x2.65;NBR (N 0674-70);Medidas Disponíveis
Parker;61152;19x1.5;NBR (N 0674-70);Medidas Disponíveis
Parker;6-1251;19x1.8;FKM (Viton);Medidas Disponíveis
Parker;6015;19.05x3.18;NBR (N 0674-70);Medidas Disponíveis
Parker;6403;19.05x2.8;NBR (N 0674-70);Medidas Disponíveis
Parker;6204;19.1x1.78;NBR (N 0674-70);Medidas Disponíveis
Parker;6677;19.1x1.6;NBR (N 0674-70);Medidas Disponíveis
Parker;3910;19.18x2.46;NBR (N 0674-70);Medidas Disponíveis
Parker;6752;19.18x2.47;NBR (N 0674-70);Medidas Disponíveis
Parker;6918;19.18x2.46;NBR (N 0674-70);Medidas Disponíveis
Parker;6148;19.2x3;NBR (N 0674-70);Medidas Disponíveis
Parker;6834;19.4x2.5;NBR (N 0674-70);Medidas Disponíveis
Parker;61137;19.4x2.3;NBR (N 0674-70);Medidas Disponíveis
Parker;6210;19.5x1.5;NBR (N 0674-70);Medidas Disponíveis
Parker;61189;19.5x1.5;FKM (Viton);Medidas Disponíveis
Parker;61192;19.5x1.5;FKM (Viton);Medidas Disponíveis
Parker;61035;19.6x3.65;NBR (N 0674-70);Medidas Disponíveis
Parker;6699;19.8x2.4;NBR (N 0674-70);Medidas Disponíveis
Parker;6703;19.8x2.4;NBR (N 0674-70);Medidas Disponíveis
Parker;6950;19.8x2.4;Silicone (MQ);Medidas Disponíveis
Parker;61170;19.9x1.55;NBR (N 0674-70);Medidas Disponíveis
Parker;2315;315;NBR (N 0674-70);Medidas Disponíveis
Parker;6010;20x3;NBR (N 0674-70);Medidas Disponíveis
Parker;6089;20x4;NBR (N 0674-70);Medidas Disponíveis
Parker;6097;20x2.5;NBR (N 0674-70);Medidas Disponíveis
Parker;6532;20x1.5;FKM (Viton);Medidas Disponíveis
Parker;6578;20x2;Silicone (MQ);Medidas Disponíveis
Parker;6725;20x1.5;NBR (N 0674-70);Medidas Disponíveis
Parker;6847;20x2;FKM (Viton);Medidas Disponíveis
Parker;6876;20x2.5;NBR (N 0674-70);Medidas Disponíveis
Parker;6904;20x2.5;NBR (N 0674-70);Medidas Disponíveis
Parker;6920;20x2.5;NBR (N 0674-70);Medidas Disponíveis
Parker;6947;20x2.5;NBR (N 0674-70);Medidas Disponíveis
Parker;6983;20x4;NBR (N 0674-70);Medidas Disponíveis
Parker;61004;20x2;NBR (N 0674-70);Medidas Disponíveis
Parker;61009;20x3;NBR (N 0674-70);Medidas Disponíveis
Parker;61107;20x1.5;FKM (Viton);Medidas Disponíveis
Parker;61176;20x1.5;FKM (Viton);Medidas Disponíveis
Parker;6-1257;20x1.5;NBR (N 0674-70);Medidas Disponíveis
Parker;61187;20.09x3;FKM (Viton);Medidas Disponíveis
Parker;6753;20.19x1.78;NBR (N 0674-70);Medidas Disponíveis
Parker;2211;211;NBR (N 0674-70);Medidas Disponíveis
Parker;6759;20.22x3.5;NBR (N 0674-70);Medidas Disponíveis
Parker;6914;20.22x3.53;FKM (Viton);Medidas Disponíveis
Parker;61150;20.29x2.62;NBR (N 0674-70);Medidas Disponíveis
Parker;2117;117;NBR (N 0674-70);Medidas Disponíveis
Parker;6873;20.3x2.4;FKM (Viton);Medidas Disponíveis
Parker;2019;019;NBR (N 0674-70);Medidas Disponíveis
Parker;61118;20.35x1.78;FKM (Viton);Medidas Disponíveis
Parker;6-1272;20.35x1.78;NBR (N 0674-70);Medidas Disponíveis
Parker;6030;20.62x4.77;NBR (N 0674-70);Medidas Disponíveis
Parker;6593;20.7x3.4;NBR (N 0674-70);Medidas Disponíveis
Parker;61195;20.9x1.5;FKM (Viton);Medidas Disponíveis
Parker;6-1237;21x2;NBR (N 0674-70);Medidas Disponíveis
Parker;6-1238;21x2;NBR (N 0674-70);Medidas Disponíveis
Parker;6732;21.3x2.4;NBR (N 0674-70);Medidas Disponíveis
Parker;6-1254;21.3x1.63;NBR (N 0674-70);Medidas Disponíveis
Parker;61148;21.4x1.5;FKM (Viton);Medidas Disponíveis
Parker;6243;21.5x3.2;NBR (N 0674-70);Medidas Disponíveis
Parker;6805;21.5x1.5;NBR (N 0674-70);Medidas Disponíveis
Parker;6-1277;21.5x1.5;NBR (N 0674-70);Medidas Disponíveis
Parker;2316;316;NBR (N 0674-70);Medidas Disponíveis
Parker;61186;21.8x2.4;NBR (N 0674-70);Medidas Disponíveis
Parker;2212;212;NBR (N 0674-70);Medidas Disponíveis
Parker;2118;118;NBR (N 0674-70);Medidas Disponíveis
Parker;61092;21.89x2.62;NBR (N 0674-70);Medidas Disponíveis
Parker;6-1241;21.89x2.62;NBR (N 0674-70);Medidas Disponíveis
Parker;3911;21.92x2.95;NBR (N 0674-70);Medidas Disponíveis
Parker;2020;020;NBR (N 0674-70);Medidas Disponíveis
Parker;6018;22x2;FKM (Viton);Medidas Disponíveis
Parker;6534;22x1.3;NBR (N 0674-70);Medidas Disponíveis
Parker;6682;22x3.7;NBR (N 0674-70);Medidas Disponíveis
Parker;61069;22x1.5;NBR (N 0674-70);Medidas Disponíveis
Parker;61151;22x2;NBR (N 0674-70);Medidas Disponíveis
Parker;6161;22.1x1.6;NBR (N 0674-70);Medidas Disponíveis
Parker;6831;22.1x1.6;NBR (N 0674-70);Medidas Disponíveis
Parker;6176;22.2x3;NBR (N 0674-70);Medidas Disponíveis
Parker;6598;22.2x1.6;FKM (Viton);Medidas Disponíveis
Parker;6248;22.26x0.62;NBR (N 0674-70);Medidas Disponíveis
Parker;6621;22.3x2.4;NBR (N 0674-70);Medidas Disponíveis
Parker;61021;22.4x2.65;NBR (N 0674-70);Medidas Disponíveis
Parker;61208;22.6x1.9;NBR (N 0674-70);Medidas Disponíveis
Parker;6438;22.73x3.5;NBR (N 0674-70);Medidas Disponíveis
Parker;6042;23x2.5;NBR (N 0674-70);Medidas Disponíveis
Parker;6092;23x6.5;NBR (N 0674-70);Medidas Disponíveis
Parker;6216;23x2.8;NBR (N 0674-70);Medidas Disponíveis
Parker;6463;23x1.5;NBR (N 0674-70);Medidas Disponíveis
Parker;6510;23x2;NBR (N 0674-70);Medidas Disponíveis
Parker;6757;23x3;NBR (N 0674-70);Medidas Disponíveis
Parker;2317;317;NBR (N 0674-70);Medidas Disponíveis
Parker;6586;23.3x2.4;NBR (N 0674-70);Medidas Disponíveis
Parker;2213;213;NBR (N 0674-70);Medidas Disponíveis
Parker;6039;23.4x3.48;FKM (Viton);Medidas Disponíveis
Parker;2119;119;NBR (N 0674-70);Medidas Disponíveis
Parker;3912;23.47x2.95;NBR (N 0674-70);Medidas Disponíveis
Parker;6300;23.47x2.62;FKM (Viton);Medidas Disponíveis
Parker;61048;23.47x2.62;NBR (N 0674-70);Medidas Disponíveis
Parker;61133;23.47x2.62;NBR (N 0674-70);Medidas Disponíveis
Parker;6526;23.5x2.5;NBR (N 0674-70);Medidas Disponíveis
Parker;2021;021;NBR (N 0674-70);Medidas Disponíveis
Parker;6131;23.7x3.3;NBR (N 0674-70);Medidas Disponíveis
Parker;61040;23.8x2.4;NBR (N 0674-70);Medidas Disponíveis
Parker;61090;24x2.5;NBR (N 0674-70);Medidas Disponíveis
Parker;61190;24x1.5;FKM (Viton);Medidas Disponíveis
Parker;6063;24x2.5;NBR (N 0674-70);Medidas Disponíveis
Parker;6169;24x2;NBR (N 0674-70);Medidas Disponíveis
Parker;6208;24x4;NBR (N 0674-70);Medidas Disponíveis
Parker;6620;24x3;NBR (N 0674-70);Medidas Disponíveis
Parker;6701;24x1.5;NBR (N 0674-70);Medidas Disponíveis
Parker;6973;24x3.5;NBR (N 0674-70);Medidas Disponíveis
Parker;61019;24x3.5;NBR (N 0674-70);Medidas Disponíveis
Parker;6563;24.2x3;NBR (N 0674-70);Medidas Disponíveis
Parker;6318;24.5x3;FKM (Viton);Medidas Disponíveis
Parker;6549;24.5x3;NBR (N 0674-70);Medidas Disponíveis
Parker;61077;24.5x3;NBR (N 0674-70);Medidas Disponíveis
Parker;6228;24.6x2;NBR (N 0674-70);Medidas Disponíveis
Parker;6477;24.6x3.6;NBR (N 0674-70);Medidas Disponíveis
Parker;6696;24.6x2.4;FKM (Viton);Medidas Disponíveis
Parker;6590;24.7x3.5;NBR (N 0674-70);Medidas Disponíveis
Parker;2318;318;NBR (N 0674-70);Medidas Disponíveis
Parker;2214;214;NBR (N 0674-70);Medidas Disponíveis
Parker;6284;25x2.5;FKM (Viton);Medidas Disponíveis
Parker;6558;25x1.5;NBR (N 0674-70);Medidas Disponíveis
Parker;6663;25x2;NBR (N 0674-70);Medidas Disponíveis
Parker;6715;25x2.5;NBR (N 0674-70);Medidas Disponíveis
Parker;6773;25x2;NBR (N 0674-70);Medidas Disponíveis
Parker;6787;25x3;NBR (N 0674-70);Medidas Disponíveis
Parker;6820;25x2;NBR (N 0674-70);Medidas Disponíveis
Parker;6857;25x2.3;FKM (Viton);Medidas Disponíveis
Parker;6957;25x2.4;NBR (N 0674-70);Medidas Disponíveis
Parker;61017;25x4;NBR (N 0674-70);Medidas Disponíveis
Parker;6-1249;25x5;NBR (N 0674-70);Medidas Disponíveis
Parker;6-1258;25x2.4;NBR (N 0674-70);Medidas Disponíveis
Parker;3913;25.04x2.95;NBR (N 0674-70);Medidas Disponíveis
Parker;2120;120;NBR (N 0674-70);Medidas Disponíveis
Parker;61198;25.07x2.62;NBR (N 0674-70);Medidas Disponíveis
Parker;6665;25.1x1.6;FKM (Viton);Medidas Disponíveis
Parker;2022;022;NBR (N 0674-70);Medidas Disponíveis
Parker;6194;25.16x3.53;NBR (N 0674-70);Medidas Disponíveis
Parker;6601;25.2x3;NBR (N 0674-70);Medidas Disponíveis
Parker;6919;25.25x1.1;FKM (Viton);Medidas Disponíveis
Parker;6098;25.5x1;NBR (N 0674-70);Medidas Disponíveis
Parker;6127;25.5x5.53;NBR (N 0674-70);Medidas Disponíveis
Parker;6667;25.5x2.5;NBR (N 0674-70);Medidas Disponíveis
Parker;6193;25.7x2.8;NBR (N 0674-70);Medidas Disponíveis
Parker;6-1235;25.7x3.5;NBR (N 0674-70);Medidas Disponíveis
Parker;6054;26x4.8;NBR (N 0674-70);Medidas Disponíveis
Parker;6079;26x4;NBR (N 0674-70);Medidas Disponíveis
Parker;6129;26x2.5;NBR (N 0674-70);Medidas Disponíveis
Parker;6778;26x2;NBR (N 0674-70);Medidas Disponíveis
Parker;6808;26x3;NBR (N 0674-70);Medidas Disponíveis
Parker;61196;26x1.5;NBR (N 0674-70);Medidas Disponíveis
Parker;6-1245;26x2;NBR (N 0674-70);Medidas Disponíveis
Parker;6352;26.2x3;NBR (N 0674-70);Medidas Disponíveis
Parker;6825;26.2x3;FKM (Viton);Medidas Disponíveis
Parker;6139;26.3x3;Silicone (MQ);Medidas Disponíveis
Parker;2319;319;NBR (N 0674-70);Medidas Disponíveis
Parker;2215;215;NBR (N 0674-70);Medidas Disponíveis
Parker;3914;26.59x2.95;NBR (N 0674-70);Medidas Disponíveis
Parker;2121;121;NBR (N 0674-70);Medidas Disponíveis
Parker;6-1273;26.65x2.62;NBR (N 0674-70);Medidas Disponíveis
Parker;2023;023;NBR (N 0674-70);Medidas Disponíveis
Parker;6592;26.7x3.4;NBR (N 0674-70);Medidas Disponíveis
Parker;6128;27x2.5;Silicone (MQ);Medidas Disponíveis
Parker;6225;27x2.7;NBR (N 0674-70);Medidas Disponíveis
Parker;6276;27x2;NBR (N 0674-70);Medidas Disponíveis
Parker;6669;27x1.5;NBR (N 0674-70);Medidas Disponíveis
Parker;61168;27x2;NBR (N 0674-70);Medidas Disponíveis
Parker;61008;27.09x1.78;NBR (N 0674-70);Medidas Disponíveis
Parker;6305;27.1x1.6;NBR (N 0674-70);Medidas Disponíveis
Parker;6221;27.4x2.4;NBR (N 0674-70);Medidas Disponíveis
Parker;6052;27.5x2;NBR (N 0674-70);Medidas Disponíveis
Parker;6557;27.61x2.61;NBR (N 0674-70);Medidas Disponíveis
Parker;61125;27.7x3.5;NBR (N 0674-70);Medidas Disponíveis
Parker;6-1236;27.7x3.5;FKM (Viton);Medidas Disponíveis
Parker;6-1234;27.8x1.78;NBR (N 0674-70);Medidas Disponíveis
Parker;2320;320;NBR (N 0674-70);Medidas Disponíveis
Parker;6879;28x3.15;NBR (N 0674-70);Medidas Disponíveis
Parker;6971;28x3.55;NBR (N 0674-70);Medidas Disponíveis
Parker;6982;28x5;FKM (Viton);Medidas Disponíveis
Parker;61086;28x2.5;NBR (N 0674-70);Medidas Disponíveis
Parker;61185;28x2.5;NBR (N 0674-70);Medidas Disponíveis
Parker;6-1262;28x2;NBR (N 0674-70);Medidas Disponíveis
Parker;6-1276;28x2.65;NBR (N 0674-70);Medidas Disponíveis
Parker;6006;28x2;Silicone (MQ);Medidas Disponíveis
Parker;6162;28x2.5;Silicone (MQ);Medidas Disponíveis
Parker;6860;28x3.15;FKM (Viton);Medidas Disponíveis
Parker;2216;216;NBR (N 0674-70);Medidas Disponíveis
Parker;6750;28.17x3.48;NBR (N 0674-70);Medidas Disponíveis
Parker;6922;28.17x3.53;FKM (Viton);Medidas Disponíveis
Parker;6902;28.2x2.62;FKM (Viton);Medidas Disponíveis
Parker;6-1220;28.2x2.62;NBR (N 0674-70);Medidas Disponíveis
Parker;2122;122;NBR (N 0674-70);Medidas Disponíveis
Parker;2024;024;NBR (N 0674-70);Medidas Disponíveis
Parker;61062;28.5x3.8;NBR (N 0674-70);Medidas Disponíveis
Parker;6830;28.7x1.2;FKM (Viton);Medidas Disponíveis
Parker;6536;28.8x4.2;NBR (N 0674-70);Medidas Disponíveis
Parker;6168;29x2.4;NBR (N 0674-70);Medidas Disponíveis
Parker;6-1279;29x3;NBR (N 0674-70);Medidas Disponíveis
Parker;6122;29.1x1.6;NBR (N 0674-70);Medidas Disponíveis
Parker;6527;29.2x3.5;NBR (N 0674-70);Medidas Disponíveis
Parker;6678;29.2x3;NBR (N 0674-70);Medidas Disponíveis
Parker;6495;29.3x3;NBR (N 0674-70);Medidas Disponíveis
Parker;6722;29.3x1.8;NBR (N 0674-70);Medidas Disponíveis
Parker;61207;29.3x1.8;NBR (N 0674-70);Medidas Disponíveis
Parker;6467;29.4x3.1;FKM (Viton);Medidas Disponíveis
Parker;6418;29.5x3.95;NBR (N 0674-70);Medidas Disponíveis
Parker;6865;29.5x5;NBR (N 0674-70);Medidas Disponíveis
Parker;2321;321;NBR (N 0674-70);Medidas Disponíveis
Parker;6589;29.7x3.4;Silicone (MQ);Medidas Disponíveis
Parker;6596;29.7x3.5;NBR (N 0674-70);Medidas Disponíveis
Parker;6948;29.7x2.4;NBR (N 0674-70);Medidas Disponíveis
Parker;61173;29.7x2.4;NBR (N 0674-70);Medidas Disponíveis
Parker;2217;217;NBR (N 0674-70);Medidas Disponíveis
Parker;3916;29.74x2.95;NBR (N 0674-70);Medidas Disponíveis
Parker;6576;29.74x2.95;NBR (N 0674-70);Medidas Disponíveis
Parker;61087;29.74x3.53;NBR (N 0674-70);Medidas Disponíveis
Parker;2123;123;NBR (N 0674-70);Medidas Disponíveis
Parker;6-1261;29.82x2.62;NBR (N 0674-70);Medidas Disponíveis
Parker;2025;025;NBR (N 0674-70);Medidas Disponíveis
Parker;6062;30x2.5;NBR (N 0674-70);Medidas Disponíveis
Parker;6381;30x4.5;FKM (Viton);Medidas Disponíveis
Parker;6652;30x2;NBR (N 0674-70);Medidas Disponíveis
Parker;6796;30x1.5;NBR (N 0674-70);Medidas Disponíveis
Parker;6-1212;30x1.5;NBR (N 0674-70);Medidas Disponíveis
Parker;6073;30.3x4;NBR (N 0674-70);Medidas Disponíveis
Parker;6679;30.3x2.4;NBR (N 0674-70);Medidas Disponíveis
Parker;6212;30.8x3.7;NBR (N 0674-70);Medidas Disponíveis
Parker;6835;30.8x3.2;NBR (N 0674-70);Medidas Disponíveis
Parker;6-1225;30.8x3;NBR (N 0674-70);Medidas Disponíveis
Parker;6125;30.98x1.77;NBR (N 0674-70);Medidas Disponíveis
Parker;6080;31x2;NBR (N 0674-70);Medidas Disponíveis
Parker;6093;31x4.5;NBR (N 0674-70);Medidas Disponíveis
Parker;6094;31x6.5;NBR (N 0674-70);Medidas Disponíveis
Parker;6213;31x3;NBR (N 0674-70);Medidas Disponíveis
Parker;6644;31x1.5;NBR (N 0674-70);Medidas Disponíveis
Parker;6-1230;31x2.5;NBR (N 0674-70);Medidas Disponíveis
Parker;2322;322;NBR (N 0674-70);Medidas Disponíveis
Parker;2218;218;NBR (N 0674-70);Medidas Disponíveis
Parker;6256;31.34x3.53;FKM (Viton);Medidas Disponíveis
Parker;2124;124;NBR (N 0674-70);Medidas Disponíveis
Parker;2026;026;NBR (N 0674-70);Medidas Disponíveis
Parker;6676;31.6x2.4;NBR (N 0674-70);Medidas Disponíveis
Parker;6595;31.7x3.5;NBR (N 0674-70);Medidas Disponíveis
Parker;61115;31.7x2.4;NBR (N 0674-70);Medidas Disponíveis
Parker;6538;31.75x1.59;NBR (N 0674-70);Medidas Disponíveis
Parker;6-1214;31.8x1;NBR (N 0674-70);Medidas Disponíveis
Parker;6022;32x2;NBR (N 0674-70);Medidas Disponíveis
Parker;6173;32x2.5;NBR (N 0674-70);Medidas Disponíveis
Parker;6569;32x1.25;NBR (N 0674-70);Medidas Disponíveis
Parker;6605;32x1.25;FKM (Viton);Medidas Disponíveis
Parker;61027;32x5;NBR (N 0674-70);Medidas Disponíveis
Parker;6077;32.2x3;NBR (N 0674-70);Medidas Disponíveis
Parker;6985;32.5x2.65;FKM (Viton);Medidas Disponíveis
Parker;6706;32.58x2.02;NBR (N 0674-70);Medidas Disponíveis
Parker;2323;323;NBR (N 0674-70);Medidas Disponíveis
Parker;6597;32.7x3.4;NBR (N 0674-70);Medidas Disponíveis
Parker;6-1224;32.79x2.6;NBR (N 0674-70);Medidas Disponíveis
Parker;61171;32.89x1.78;NBR (N 0674-70);Medidas Disponíveis
Parker;2219;219;NBR (N 0674-70);Medidas Disponíveis
Parker;2125;125;NBR (N 0674-70);Medidas Disponíveis
Parker;61120;32.99x2.62;NBR (N 0674-70);Medidas Disponíveis
Parker;6653;33x2;NBR (N 0674-70);Medidas Disponíveis
Parker;6800;33x5;NBR (N 0674-70);Medidas Disponíveis
Parker;61001;33x3;NBR (N 0674-70);Medidas Disponíveis
Parker;2027;027;NBR (N 0674-70);Medidas Disponíveis
Parker;61126;33.2x2.4;NBR (N 0674-70);Medidas Disponíveis
Parker;6114;33.5x3;NBR (N 0674-70);Medidas Disponíveis
Parker;61114;33.5x3;FKM (Viton);Medidas Disponíveis
Parker;6202;33.99x2.34;NBR (N 0674-70);Medidas Disponíveis
Parker;6353;34x4;NBR (N 0674-70);Medidas Disponíveis
Parker;6419;34x4;NBR (N 0674-70);Medidas Disponíveis
Parker;6986;34x4;NBR (N 0674-70);Medidas Disponíveis
Parker;6229;34.11x3.18;NBR (N 0674-70);Medidas Disponíveis
Parker;2324;324;NBR (N 0674-70);Medidas Disponíveis
Parker;3918;34.42x2.95;NBR (N 0674-70);Medidas Disponíveis
Parker;2220;220;NBR (N 0674-70);Medidas Disponíveis
Parker;2126;126;NBR (N 0674-70);Medidas Disponíveis
Parker;2028;028;NBR (N 0674-70);Medidas Disponíveis
Parker;61110;34.65x1.77;FKM (Viton);Medidas Disponíveis
Parker;6466;34.7x5.33;FKM (Viton);Medidas Disponíveis
Parker;6106;35x3;NBR (N 0674-70);Medidas Disponíveis
Parker;6502;35x6;NBR (N 0674-70);Medidas Disponíveis
Parker;6645;35x2.5;NBR (N 0674-70);Medidas Disponíveis
Parker;6662;35x1.5;NBR (N 0674-70);Medidas Disponíveis
Parker;6980;35x3;NBR (N 0674-70);Medidas Disponíveis
Parker;6-1248;35x5.3;NBR (N 0674-70);Medidas Disponíveis
Parker;6420;35.2x5;NBR (N 0674-70);Medidas Disponíveis
Parker;6910;35.5x3.15;FKM (Viton);Medidas Disponíveis
Parker;6758;40x2.5;NBR (N 0674-70);Medidas Disponíveis
Parker;6969;40x5;NBR (N 0674-70);Medidas Disponíveis
Parker;61117;40x4;FKM (Viton);Medidas Disponíveis
Parker;6179;40.2x3;NBR (N 0674-70);Medidas Disponíveis
Parker;6421;40.2x5;NBR (N 0674-70);Medidas Disponíveis
Parker;2326;326;NBR (N 0674-70);Medidas Disponíveis
Parker;6878;40.69x2.6;NBR (N 0674-70);Medidas Disponíveis
Parker;2223;223;NBR (N 0674-70);Medidas Disponíveis
Parker;6507;40.87x3.53;NBR (N 0674-70);Medidas Disponíveis
Parker;2130;130;NBR (N 0674-70);Medidas Disponíveis
Parker;2030;030;NBR (N 0674-70);Medidas Disponíveis
Parker;6397;41x5.5;NBR (N 0674-70);Medidas Disponíveis
Parker;6-1231;41x2.5;NBR (N 0674-70);Medidas Disponíveis
Parker;6979;41.2x3.55;FKM (Viton);Medidas Disponíveis
Parker;61015;41.2x3.55;NBR (N 0674-70);Medidas Disponíveis
Parker;6666;41.6x2.4;NBR (N 0674-70);Medidas Disponíveis
Parker;6751;41.85x2.6;NBR (N 0674-70);Medidas Disponíveis
Parker;6112;42x2.5;NBR (N 0674-70);Medidas Disponíveis
Parker;6673;42x2;NBR (N 0674-70);Medidas Disponíveis
Parker;6717;42x2;NBR (N 0674-70);Medidas Disponíveis
Parker;6812;42x4.5;FKM (Viton);Medidas Disponíveis
Parker;61018;42x3;NBR (N 0674-70);Medidas Disponíveis
Parker;61089;42.2x3;NBR (N 0674-70);Medidas Disponíveis
Parker;6766;42.5x2.4;NBR (N 0674-70);Medidas Disponíveis
Parker;2131;131;NBR (N 0674-70);Medidas Disponíveis
Parker;6587;42.86x3.53;FKM (Viton);Medidas Disponíveis
Parker;6550;43x3;NBR (N 0674-70);Medidas Disponíveis
Parker;6819;43x2.5;FKM (Viton);Medidas Disponíveis
Parker;61076;43x2.5;NBR (N 0674-70);Medidas Disponíveis
Parker;3924;43.69x3;NBR (N 0674-70);Medidas Disponíveis
Parker;6978;43.7x2.65;NBR (N 0674-70);Medidas Disponíveis
Parker;2327;327;NBR (N 0674-70);Medidas Disponíveis
Parker;6470;44x2.5;NBR (N 0674-70);Medidas Disponíveis
Parker;6977;44x3;NBR (N 0674-70);Medidas Disponíveis
Parker;2224;224;NBR (N 0674-70);Medidas Disponíveis
Parker;6448;44.04x3.53;FKM (Viton);Medidas Disponíveis
Parker;2132;132;NBR (N 0674-70);Medidas Disponíveis
Parker;2031;031;NBR (N 0674-70);Medidas Disponíveis
Parker;6933;44.6x2.4;NBR (N 0674-70);Medidas Disponíveis
Parker;6782;44.75x2.2;FKM (Viton);Medidas Disponíveis
Parker;6981;44.8x2.8;NBR (N 0674-70);Medidas Disponíveis
Parker;6048;45x2.5;NBR (N 0674-70);Medidas Disponíveis
Parker;6154;45x2;NBR (N 0674-70);Medidas Disponíveis
Parker;6546;45x4;NBR (N 0674-70);Medidas Disponíveis
Parker;6647;45x1.5;NBR (N 0674-70);Medidas Disponíveis
Parker;6889;45x2.5;FKM (Viton);Medidas Disponíveis
Parker;6937;45x2.5;NBR (N 0674-70);Medidas Disponíveis
Parker;61130;45x2.5;FKM (Viton);Medidas Disponíveis
Parker;6-1223;45x2.5;FKM (Viton);Medidas Disponíveis
Parker;6257;45.36x3.53;NBR (N 0674-70);Medidas Disponíveis
Parker;6726;45.6x2;FKM (Viton);Medidas Disponíveis
Parker;2133;133;NBR (N 0674-70);Medidas Disponíveis
Parker;6088;45.8x1.6;NBR (N 0674-70);Medidas Disponíveis
Parker;6-1242;46x3;NBR (N 0674-70);Medidas Disponíveis
Parker;6-1288;46x6;NBR (N 0674-70);Medidas Disponíveis
Parker;6016;46.02x3.18;NBR (N 0674-70);Medidas Disponíveis
Parker;6613;46.25x3.95;NBR (N 0674-70);Medidas Disponíveis
Parker;6-1253;46.5x1.78;NBR (N 0674-70);Medidas Disponíveis
Parker;2328;328;NBR (N 0674-70);Medidas Disponíveis
Parker;6291;46.99x5.33;FKM (Viton);Medidas Disponíveis
Parker;6762;47x3;NBR (N 0674-70);Medidas Disponíveis
Parker;6852;47x2;FKM (Viton);Medidas Disponíveis
Parker;61103;47x2;NBR (N 0674-70);Medidas Disponíveis
Parker;61129;47x2.5;FKM (Viton);Medidas Disponíveis
Parker;6-1222;47x2.5;FKM (Viton);Medidas Disponíveis
Parker;2225;225;NBR (N 0674-70);Medidas Disponíveis
Parker;2134;134;NBR (N 0674-70);Medidas Disponíveis
Parker;61119;47.29x2.62;NBR (N 0674-70);Medidas Disponíveis
Parker;2032;032;NBR (N 0674-70);Medidas Disponíveis
Parker;61199;47.35x1.78;NBR (N 0674-70);Medidas Disponíveis
Parker;6475;48x2;NBR (N 0674-70);Medidas Disponíveis
Parker;61016;48x5;NBR (N 0674-70);Medidas Disponíveis
Parker;6824;48.2x2.4;NBR (N 0674-70);Medidas Disponíveis
Parker;2135;135;NBR (N 0674-70);Medidas Disponíveis
Parker;6498;48.9x2.62;FKM (Viton);Medidas Disponíveis
Parker;6087;49x7;NBR (N 0674-70);Medidas Disponíveis
Parker;6227;49x2;NBR (N 0674-70);Medidas Disponíveis
Parker;6643;49.5x3;NBR (N 0674-70);Medidas Disponíveis
Parker;6-1255;49.8x1.5;NBR (N 0674-70);Medidas Disponíveis
Parker;6271;50x2;NBR (N 0674-70);Medidas Disponíveis
Parker;6626;50x10;NBR (N 0674-70);Medidas Disponíveis
Parker;6714;50x1.5;FKM (Viton);Medidas Disponíveis
Parker;6970;50x3.55;NBR (N 0674-70);Medidas Disponíveis
Parker;61026;50x4;NBR (N 0674-70);Medidas Disponíveis
Parker;2329;329;NBR (N 0674-70);Medidas Disponíveis
Parker;2226;226;NBR (N 0674-70);Medidas Disponíveis
Parker;2136;136;NBR (N 0674-70);Medidas Disponíveis
Parker;6171;50.47x2.62;Silicone (MQ);Medidas Disponíveis
Parker;2033;033;NBR (N 0674-70);Medidas Disponíveis
Parker;6603;50.52x1.78;NBR (N 0674-70);Medidas Disponíveis
Parker;6542;51x2.5;NBR (N 0674-70);Medidas Disponíveis
Parker;6821;51.95x4;NBR (N 0674-70);Medidas Disponíveis
Parker;6172;52x3;NBR (N 0674-70);Medidas Disponíveis
Parker;6425;52x6;NBR (N 0674-70);Medidas Disponíveis
Parker;6539;52x4;NBR (N 0674-70);Medidas Disponíveis
Parker;6-1215;52x2;NBR (N 0674-70);Medidas Disponíveis
Parker;2137;137;NBR (N 0674-70);Medidas Disponíveis
Parker;6-1240;52.07x2.62;NBR (N 0674-70);Medidas Disponíveis
Parker;6266;52.39x6.35;Silicone (MQ);Medidas Disponíveis
Parker;6426;52.39x3.53;NBR (N 0674-70);Medidas Disponíveis
Parker;6508;52.96x5.71;NBR (N 0674-70);Medidas Disponíveis
Parker;6974;53x3.55;NBR (N 0674-70);Medidas Disponíveis
Parker;61014;53x3.55;NBR (N 0674-70);Medidas Disponíveis
Parker;3928;53.09x3;NBR (N 0674-70);Medidas Disponíveis
Parker;2330;330;NBR (N 0674-70);Medidas Disponíveis
Parker;6003;53.4x3;NBR (N 0674-70);Medidas Disponíveis
Parker;2227;227;NBR (N 0674-70);Medidas Disponíveis
Parker;2138;138;NBR (N 0674-70);Medidas Disponíveis
Parker;2034;034;NBR (N 0674-70);Medidas Disponíveis
Parker;6104;54x4;NBR (N 0674-70);Medidas Disponíveis
Parker;6944;54x2;NBR (N 0674-70);Medidas Disponíveis
Parker;61136;54x2.4;NBR (N 0674-70);Medidas Disponíveis
Parker;6503;54.1x5.38;NBR (N 0674-70);Medidas Disponíveis
Parker;6184;54.2x5.7;NBR (N 0674-70);Medidas Disponíveis
Parker;6201;54.34x3.17;NBR (N 0674-70);Medidas Disponíveis
Parker;6708;54.4x3.1;NBR (N 0674-70);Medidas Disponíveis
Parker;6043;55x2;NBR (N 0674-70);Medidas Disponíveis
Parker;6674;55x3;NBR (N 0674-70);Medidas Disponíveis
Parker;6693;55x1.5;NBR (N 0674-70);Medidas Disponíveis
Parker;2139;139;NBR (N 0674-70);Medidas Disponíveis
Parker;6282;55.35x3;NBR (N 0674-70);Medidas Disponíveis
Parker;61100;55.45x1.77;NBR (N 0674-70);Medidas Disponíveis
Parker;6138;55.64x1.77;Silicone (MQ);Medidas Disponíveis
Parker;6891;56x3.5;NBR (N 0674-70);Medidas Disponíveis
Parker;2331;331;NBR (N 0674-70);Medidas Disponíveis
Parker;2228;228;NBR (N 0674-70);Medidas Disponíveis
Parker;2140;140;NBR (N 0674-70);Medidas Disponíveis
Parker;2035;035;NBR (N 0674-70);Medidas Disponíveis
Parker;6258;56.9x5.59;NBR (N 0674-70);Medidas Disponíveis
Parker;6259;56.9x5.33;NBR (N 0674-70);Medidas Disponíveis
Parker;6709;57x1.5;NBR (N 0674-70);Medidas Disponíveis
Parker;6710;57x3;NBR (N 0674-70);Medidas Disponíveis
Parker;6459;57.1x3.1;NBR (N 0674-70);Medidas Disponíveis
Parker;6588;57.15x3.53;NBR (N 0674-70);Medidas Disponíveis
Parker;6630;57.28x5.39;FKM (Viton);Medidas Disponíveis
Parker;6423;57.5x1.9;NBR (N 0674-70);Medidas Disponíveis
Parker;6145;58x7;NBR (N 0674-70);Medidas Disponíveis
Parker;6190;58x5.4;NBR (N 0674-70);Medidas Disponíveis
Parker;6965;58x2.6;FKM (Viton);Medidas Disponíveis
Parker;6987;58x3.55;NBR (N 0674-70);Medidas Disponíveis
Parker;2141;141;NBR (N 0674-70);Medidas Disponíveis
Parker;6137;58.8x4.2;NBR (N 0674-70);Medidas Disponíveis
Parker;6141;59x2;Silicone (MQ);Medidas Disponíveis
Parker;6174;59x3;NBR (N 0674-70);Medidas Disponíveis
Parker;3932;59.36x3;NBR (N 0674-70);Medidas Disponíveis
Parker;6460;59.4x3.1;Silicone (MQ);Medidas Disponíveis
Parker;6473;59.5x3;FKM (Viton);Medidas Disponíveis
Parker;2332;332;NBR (N 0674-70);Medidas Disponíveis
Parker;6301;59.69x5.33;FKM (Viton);Medidas Disponíveis
Parker;2229;229;NBR (N 0674-70);Medidas Disponíveis
Parker;2142;142;NBR (N 0674-70);Medidas Disponíveis
Parker;6065;60x2.5;NBR (N 0674-70);Medidas Disponíveis
Parker;6175;60x4;NBR (N 0674-70);Medidas Disponíveis
Parker;6299;60x8;NBR (N 0674-70);Medidas Disponíveis
Parker;6661;60x2;NBR (N 0674-70);Medidas Disponíveis
Parker;6718;60x2;NBR (N 0674-70);Medidas Disponíveis
Parker;61036;60x3.55;NBR (N 0674-70);Medidas Disponíveis
Parker;6-1219;60x2.5;NBR (N 0674-70);Medidas Disponíveis
Parker;2036;036;NBR (N 0674-70);Medidas Disponíveis
Parker;6384;60.45x5.38;NBR (N 0674-70);Medidas Disponíveis
Parker;6734;60.5x2;FKM (Viton);Medidas Disponíveis
Parker;6055;61x8.6;NBR (N 0674-70);Medidas Disponíveis
Parker;6469;61x2;NBR (N 0674-70);Medidas Disponíveis
Parker;2143;143;NBR (N 0674-70);Medidas Disponíveis
Parker;6115;61.8x2;NBR (N 0674-70);Medidas Disponíveis
Parker;6211;62x3;NBR (N 0674-70);Medidas Disponíveis
Parker;61095;62x2;NBR (N 0674-70);Medidas Disponíveis
Parker;2333;333;NBR (N 0674-70);Medidas Disponíveis
Parker;6164;62.87x5.33;FKM (Viton);Medidas Disponíveis
Parker;6082;63x2.5;NBR (N 0674-70);Medidas Disponíveis
Parker;6285;63x2;FKM (Viton);Medidas Disponíveis
Parker;6730;63x3;FKM (Viton);Medidas Disponíveis
Parker;2230;230;NBR (N 0674-70);Medidas Disponíveis
Parker;2144;144;NBR (N 0674-70);Medidas Disponíveis
Parker;61101;63.17x2.62;NBR (N 0674-70);Medidas Disponíveis
Parker;2037;037;NBR (N 0674-70);Medidas Disponíveis
Parker;6604;63.22x1.78;Silicone (MQ);Medidas Disponíveis
Parker;6748;63.5x6;FKM (Viton);Medidas Disponíveis
Parker;6026;64x2.6;NBR (N 0674-70);Medidas Disponíveis
Parker;6191;64x3;NBR (N 0674-70);Medidas Disponíveis
Parker;6629;64x3;NBR (N 0674-70);Medidas Disponíveis
Parker;6881;64x3;FKM (Viton);Medidas Disponíveis
Parker;6925;64.5x3;NBR (N 0674-70);Medidas Disponíveis
Parker;6928;64.5x3;NBR (N 0674-70);Medidas Disponíveis
Parker;61106;64.5x2.7;NBR (N 0674-70);Medidas Disponíveis
Parker;2145;145;NBR (N 0674-70);Medidas Disponíveis
Parker;6035;64.77x2.49;FKM (Viton);Medidas Disponíveis
Parker;6733;64.77x2.62;NBR (N 0674-70);Medidas Disponíveis
Parker;6-1246;64.77x2.62;NBR (N 0674-70);Medidas Disponíveis
Parker;6014;65.5x1.5;NBR (N 0674-70);Medidas Disponíveis
Parker;6027;66x2.6;NBR (N 0674-70);Medidas Disponíveis
Parker;2334;334;NBR (N 0674-70);Medidas Disponíveis
Parker;6050;66.2x9.4;NBR (N 0674-70);Medidas Disponíveis
Parker;2231;231;NBR (N 0674-70);Medidas Disponíveis
Parker;2146;146;NBR (N 0674-70);Medidas Disponíveis
Parker;6760;66.39x1.9;FKM (Viton);Medidas Disponíveis
Parker;2038;038;NBR (N 0674-70);Medidas Disponíveis
Parker;6964;67x3.55;Silicone (MQ);Medidas Disponíveis
Parker;6405;67.51x5.38;NBR (N 0674-70);Medidas Disponíveis
Parker;61057;67.6x2.4;NBR (N 0674-70);Medidas Disponíveis
Parker;6-1259;67.82x1.22;NBR (N 0674-70);Medidas Disponíveis
Parker;2147;147;NBR (N 0674-70);Medidas Disponíveis
Parker;6028;68x2.6;NBR (N 0674-70);Medidas Disponíveis
Parker;6143;68x4;FKM (Viton);Medidas Disponíveis
Parker;6627;68x10;NBR (N 0674-70);Medidas Disponíveis
Parker;6660;68x2;NBR (N 0674-70);Medidas Disponíveis
Parker;61158;68x4;NBR (N 0674-70);Medidas Disponíveis
Parker;2335;335;NBR (N 0674-70);Medidas Disponíveis
Parker;6441;69.22x6.99;NBR (N 0674-70);Medidas Disponíveis
Parker;2232;232;NBR (N 0674-70);Medidas Disponíveis
Parker;6938;69.5x2.62;FKM (Viton);Medidas Disponíveis
Parker;2148;148;NBR (N 0674-70);Medidas Disponíveis
Parker;2039;039;NBR (N 0674-70);Medidas Disponíveis
Parker;6116;70x2.4;NBR (N 0674-70);Medidas Disponíveis
Parker;6156;70x3;NBR (N 0674-70);Medidas Disponíveis
Parker;61006;70x3;NBR (N 0674-70);Medidas Disponíveis
Parker;61138;70x3;NBR (N 0674-70);Medidas Disponíveis
Parker;6383;70.1x5.38;NBR (N 0674-70);Medidas Disponíveis
Parker;6269;70.66x2.62;NBR (N 0674-70);Medidas Disponíveis
Parker;2149;149;NBR (N 0674-70);Medidas Disponíveis
Parker;6158;71.5x1.5;NBR (N 0674-70);Medidas Disponíveis
Parker;6659;72x2.5;NBR (N 0674-70);Medidas Disponíveis
Parker;2336;336;NBR (N 0674-70);Medidas Disponíveis
Parker;2233;233;NBR (N 0674-70);Medidas Disponíveis
Parker;2150;150;NBR (N 0674-70);Medidas Disponíveis
Parker;6306;72.69x7.42;NBR (N 0674-70);Medidas Disponíveis
Parker;6761;72.69x2.62;NBR (N 0674-70);Medidas Disponíveis
Parker;2040;040;NBR (N 0674-70);Medidas Disponíveis
Parker;6272;73.5x2;NBR (N 0674-70);Medidas Disponíveis
Parker;6887;74x1.5;NBR (N 0674-70);Medidas Disponíveis
Parker;6671;74.2x5.7;NBR (N 0674-70);Medidas Disponíveis
Parker;6109;75x2.5;NBR (N 0674-70);Medidas Disponíveis
Parker;6303;75x3;NBR (N 0674-70);Medidas Disponíveis
Parker;6427;75x8;NBR (N 0674-70);Medidas Disponíveis
Parker;6670;75x4;NBR (N 0674-70);Medidas Disponíveis
Parker;6853;75x3;FKM (Viton);Medidas Disponíveis
Parker;6888;75x3;NBR (N 0674-70);Medidas Disponíveis
Parker;61088;75x3;NBR (N 0674-70);Medidas Disponíveis
Parker;6500;75.56x6.99;NBR (N 0674-70);Medidas Disponíveis
Parker;2337;337;NBR (N 0674-70);Medidas Disponíveis
Parker;2234;234;NBR (N 0674-70);Medidas Disponíveis
Parker;6916;75.79x3.53;NBR (N 0674-70);Medidas Disponíveis
Parker;6277;75.8x2;NBR (N 0674-70);Medidas Disponíveis
Parker;6545;75.8x9.5;NBR (N 0674-70);Medidas Disponíveis
Parker;2151;151;NBR (N 0674-70);Medidas Disponíveis
Parker;2041;041;NBR (N 0674-70);Medidas Disponíveis
Parker;6056;76x9;NBR (N 0674-70);Medidas Disponíveis
Parker;6-1239;76x2;NBR (N 0674-70);Medidas Disponíveis
Parker;6-1243;76x2;NBR (N 0674-70);Medidas Disponíveis
Parker;6270;77.22x2.62;NBR (N 0674-70);Medidas Disponíveis
Parker;6960;77.5x3.55;FKM (Viton);Medidas Disponíveis
Parker;61013;77.5x3.55;NBR (N 0674-70);Medidas Disponíveis
Parker;6623;78x3;NBR (N 0674-70);Medidas Disponíveis
Parker;6646;78x2.5;NBR (N 0674-70);Medidas Disponíveis
Parker;6807;78x2;NBR (N 0674-70);Medidas Disponíveis
Parker;6972;78x2;NBR (N 0674-70);Medidas Disponíveis
Parker;61000;78x3;NBR (N 0674-70);Medidas Disponíveis
Parker;6-1244;78x2;NBR (N 0674-70);Medidas Disponíveis
Parker;6260;78.23x8.38;NBR (N 0674-70);Medidas Disponíveis
Parker;6261;78.23x8.76;NBR (N 0674-70);Medidas Disponíveis
Parker;6540;78.23x7.49;NBR (N 0674-70);Medidas Disponíveis
Parker;2338;338;NBR (N 0674-70);Medidas Disponíveis
Parker;6406;78.74x8.28;NBR (N 0674-70);Medidas Disponíveis
Parker;2235;235;NBR (N 0674-70);Medidas Disponíveis
Parker;6476;79x2.5;NBR (N 0674-70);Medidas Disponíveis
Parker;6567;79x1.78;NBR (N 0674-70);Medidas Disponíveis
Parker;6606;79x1.78;FKM (Viton);Medidas Disponíveis
Parker;6747;79x5.7;Silicone (MQ);Medidas Disponíveis
Parker;6150;79.2x5.7;NBR (N 0674-70);Medidas Disponíveis
Parker;6926;79.2x3;NBR (N 0674-70);Medidas Disponíveis
Parker;6140;80x3;FKM (Viton);Medidas Disponíveis
Parker;6658;80x3;NBR (N 0674-70);Medidas Disponíveis
Parker;6686;80x2.5;NBR (N 0674-70);Medidas Disponíveis
Parker;6798;80x4;NBR (N 0674-70);Medidas Disponíveis
Parker;6967;80x2.5;Silicone (MQ);Medidas Disponíveis
Parker;61078;80x3;NBR (N 0674-70);Medidas Disponíveis
Parker;6-1263;80x3;NBR (N 0674-70);Medidas Disponíveis
Parker;6144;80.5x3;NBR (N 0674-70);Medidas Disponíveis
Parker;6954;81x4;NBR (N 0674-70);Medidas Disponíveis
Parker;2339;339;NBR (N 0674-70);Medidas Disponíveis
Parker;6636;82x3;NBR (N 0674-70);Medidas Disponíveis
Parker;6697;82x5.5;NBR (N 0674-70);Medidas Disponíveis
Parker;6859;82x2;NBR (N 0674-70);Medidas Disponíveis
Parker;2236;236;NBR (N 0674-70);Medidas Disponíveis
Parker;61098;82.15x3.53;NBR (N 0674-70);Medidas Disponíveis
Parker;2152;152;NBR (N 0674-70);Medidas Disponíveis
Parker;2042;042;NBR (N 0674-70);Medidas Disponíveis
Parker;6961;82.5x3.55;NBR (N 0674-70);Medidas Disponíveis
Parker;6382;82.58x8.28;NBR (N 0674-70);Medidas Disponíveis
Parker;6625;83x9.8;NBR (N 0674-70);Medidas Disponíveis
Parker;6713;83x2;NBR (N 0674-70);Medidas Disponíveis
Parker;6504;83.13x5.38;NBR (N 0674-70);Medidas Disponíveis
Parker;6474;84x3;NBR (N 0674-70);Medidas Disponíveis
Parker;6672;84.14x1.61;NBR (N 0674-70);Medidas Disponíveis
Parker;6085;84.5x3;NBR (N 0674-70);Medidas Disponíveis
Parker;6685;85x2;NBR (N 0674-70);Medidas Disponíveis
Parker;61022;85x3.55;NBR (N 0674-70);Medidas Disponíveis
Parker;6684;85x2.5;NBR (N 0674-70);Medidas Disponíveis
Parker;2340;340;NBR (N 0674-70);Medidas Disponíveis
Parker;2237;237;NBR (N 0674-70);Medidas Disponíveis
Parker;6784;85.73x2.78;NBR (N 0674-70);Medidas Disponíveis
Parker;6763;86x2.5;NBR (N 0674-70);Medidas Disponíveis
Parker;6810;86x3;NBR (N 0674-70);Medidas Disponíveis
Parker;61070;86x2;NBR (N 0674-70);Medidas Disponíveis
Parker;6975;86.5x5.3;FKM (Viton);Medidas Disponíveis
Parker;6622;87x3;NBR (N 0674-70);Medidas Disponíveis
Parker;61025;87.5x3.55;NBR (N 0674-70);Medidas Disponíveis
Parker;6651;88x3;NBR (N 0674-70);Medidas Disponíveis
Parker;2341;341;NBR (N 0674-70);Medidas Disponíveis
Parker;2238;238;NBR (N 0674-70);Medidas Disponíveis
Parker;2153;153;NBR (N 0674-70);Medidas Disponíveis
Parker;6803;88.57x2.62;NBR (N 0674-70);Medidas Disponíveis
Parker;2043;043;NBR (N 0674-70);Medidas Disponíveis
Parker;6585;88.9x5;NBR (N 0674-70);Medidas Disponíveis
Parker;6072;90x3;NBR (N 0674-70);Medidas Disponíveis
Parker;6198;91x3;NBR (N 0674-70);Medidas Disponíveis
Parker;6668;91x2.5;Silicone (MQ);Medidas Disponíveis
Parker;2342;342;NBR (N 0674-70);Medidas Disponíveis
Parker;2239;239;NBR (N 0674-70);Medidas Disponíveis
Parker;61056;92x1.8;NBR (N 0674-70);Medidas Disponíveis
Parker;6-1247;92x3;NBR (N 0674-70);Medidas Disponíveis
Parker;61085;92.08x3;NBR (N 0674-70);Medidas Disponíveis
Parker;6959;92.5x3.55;FKM (Viton);Medidas Disponíveis
Parker;6237;93x9.5;NBR (N 0674-70);Medidas Disponíveis
Parker;6033;93.26x3.53;NBR (N 0674-70);Medidas Disponíveis
Parker;6142;94x3;FKM (Viton);Medidas Disponíveis
Parker;6273;94x3;NBR (N 0674-70);Medidas Disponíveis
Parker;6637;94x3;NBR (N 0674-70);Medidas Disponíveis
Parker;6-1275;94.1x2.4;NBR (N 0674-70);Medidas Disponíveis
Parker;6286;94.5x3;Silicone (MQ);Medidas Disponíveis
Parker;6855;94.5x3;FKM (Viton);Medidas Disponíveis
Parker;2343;343;NBR (N 0674-70);Medidas Disponíveis
Parker;6044;94.62x5.63;NBR (N 0674-70);Medidas Disponíveis
Parker;2240;240;NBR (N 0674-70);Medidas Disponíveis
Parker;2154;154;NBR (N 0674-70);Medidas Disponíveis
Parker;2044;044;NBR (N 0674-70);Medidas Disponíveis
Parker;6274;95x5;NBR (N 0674-70);Medidas Disponíveis
Parker;6541;95x2.5;NBR (N 0674-70);Medidas Disponíveis
Parker;6848;96x3.5;FKM (Viton);Medidas Disponíveis
Parker;6135;96.5x2.62;NBR (N 0674-70);Medidas Disponíveis
Parker;6683;96.6x5.7;NBR (N 0674-70);Medidas Disponíveis
Parker;2344;344;NBR (N 0674-70);Medidas Disponíveis
Parker;6165;97.9x3.1;NBR (N 0674-70);Medidas Disponíveis
Parker;6745;98x5.7;NBR (N 0674-70);Medidas Disponíveis
Parker;2241;241;NBR (N 0674-70);Medidas Disponíveis
Parker;6568;98.05x1.78;NBR (N 0674-70);Medidas Disponíveis
Parker;6607;98.05x1.78;FKM (Viton);Medidas Disponíveis
Parker;6275;99.5x3;NBR (N 0674-70);Medidas Disponíveis
Parker;6927;99.5x3;NBR (N 0674-70);Medidas Disponíveis
Parker;6053;100x3;NBR (N 0674-70);Medidas Disponíveis
Parker;6075;100x6.5;NBR (N 0674-70);Medidas Disponíveis
Parker;6428;100x8;NBR (N 0674-70);Medidas Disponíveis
Parker;6854;100x3;NBR (N 0674-70);Medidas Disponíveis
Parker;61071;100x2;NBR (N 0674-70);Medidas Disponíveis
Parker;2345;345;NBR (N 0674-70);Medidas Disponíveis
Parker;6702;101x3;NBR (N 0674-70);Medidas Disponíveis
Parker;6746;101x5.7;Silicone (MQ);Medidas Disponíveis
Parker;6780;101x4.3;NBR (N 0674-70);Medidas Disponíveis
Parker;2242;242;NBR (N 0674-70);Medidas Disponíveis
Parker;2155;155;NBR (N 0674-70);Medidas Disponíveis
Parker;2045;045;NBR (N 0674-70);Medidas Disponíveis
Parker;6953;102x2.4;FKM (Viton);Medidas Disponíveis
Parker;6404;102.62x8.28;NBR (N 0674-70);Medidas Disponíveis
Parker;6976;103x3.55;NBR (N 0674-70);Medidas Disponíveis
Parker;6743;103.5x3;NBR (N 0674-70);Medidas Disponíveis
Parker;6429;104x8;NBR (N 0674-70);Medidas Disponíveis
Parker;2346;346;NBR (N 0674-70);Medidas Disponíveis
Parker;2243;243;NBR (N 0674-70);Medidas Disponíveis
Parker;6442;104.37x3.53;Silicone (MQ);Medidas Disponíveis
Parker;6078;104.6x5.7;NBR (N 0674-70);Medidas Disponíveis
Parker;6731;105x2;NBR (N 0674-70);Medidas Disponíveis
Parker;6806;105x2.4;NBR (N 0674-70);Medidas Disponíveis
Parker;6949;105x2.4;Silicone (MQ);Medidas Disponíveis
Parker;6-1295;106x10;NBR (N 0674-70);Medidas Disponíveis
Parker;6958;106x3.55;FKM (Viton);Medidas Disponíveis
Parker;6522;107x4;NBR (N 0674-70);Medidas Disponíveis
Parker;2347;347;NBR (N 0674-70);Medidas Disponíveis
Parker;2244;244;NBR (N 0674-70);Medidas Disponíveis
Parker;2156;156;NBR (N 0674-70);Medidas Disponíveis
Parker;2046;046;NBR (N 0674-70);Medidas Disponíveis
Parker;6634;108x5.7;NBR (N 0674-70);Medidas Disponíveis
Parker;6687;108x3;NBR (N 0674-70);Medidas Disponíveis
Parker;6700;109.4x3.1;NBR (N 0674-70);Medidas Disponíveis
Parker;6951;109.4x3.1;NBR (N 0674-70);Medidas Disponíveis
Parker;6823;109.5x3;NBR (N 0674-70);Medidas Disponíveis
Parker;6081;110x3;NBR (N 0674-70);Medidas Disponíveis
Parker;6963;110x4;NBR (N 0674-70);Medidas Disponíveis
Parker;2348;348;NBR (N 0674-70);Medidas Disponíveis
Parker;2245;245;NBR (N 0674-70);Medidas Disponíveis
Parker;6776;110.72x3.53;FKM (Viton);Medidas Disponíveis
Parker;6195;111x9;NBR (N 0674-70);Medidas Disponíveis
Parker;6691;112x3;FKM (Viton);Medidas Disponíveis
Parker;6962;112x4;NBR (N 0674-70);Medidas Disponíveis
Parker;6966;112x4;NBR (N 0674-70);Medidas Disponíveis
Parker;6166;113.4x3.1;NBR (N 0674-70);Medidas Disponíveis
Parker;6996;113.5x4;FKM (Viton);Medidas Disponíveis
Parker;61031;113.5x4;NBR (N 0674-70);Medidas Disponíveis
Parker;2349;349;NBR (N 0674-70);Medidas Disponíveis
Parker;2425;425;NBR (N 0674-70);Medidas Disponíveis
Parker;2246;246;NBR (N 0674-70);Medidas Disponíveis
Parker;6051;113.9x3.73;NBR (N 0674-70);Medidas Disponíveis
Parker;2157;157;NBR (N 0674-70);Medidas Disponíveis
Parker;2047;047;NBR (N 0674-70);Medidas Disponíveis
Parker;6615;114.2x5.7;NBR (N 0674-70);Medidas Disponíveis
Parker;6012;114.3x4.4;NBR (N 0674-70);Medidas Disponíveis
Parker;6083;115x3;NBR (N 0674-70);Medidas Disponíveis
Parker;6779;115x5.1;NBR (N 0674-70);Medidas Disponíveis
Parker;6070;115.5x9.5;NBR (N 0674-70);Medidas Disponíveis
Parker;2350;350;NBR (N 0674-70);Medidas Disponíveis
Parker;2426;426;NBR (N 0674-70);Medidas Disponíveis
Parker;61005;117x4;NBR (N 0674-70);Medidas Disponíveis
Parker;2247;247;NBR (N 0674-70);Medidas Disponíveis
Parker;6013;117.07x4.4;NBR (N 0674-70);Medidas Disponíveis
Parker;61096;118x3;NBR (N 0674-70);Medidas Disponíveis
Parker;6632;119x12;NBR (N 0674-70);Medidas Disponíveis
Parker;6770;120x4;FKM (Viton);Medidas Disponíveis
Parker;2351;351;NBR (N 0674-70);Medidas Disponíveis
Parker;2427;427;NBR (N 0674-70);Medidas Disponíveis
Parker;2248;248;NBR (N 0674-70);Medidas Disponíveis
Parker;2158;158;NBR (N 0674-70);Medidas Disponíveis
Parker;2048;048;NBR (N 0674-70);Medidas Disponíveis
Parker;6424;123x2.1;NBR (N 0674-70);Medidas Disponíveis
Parker;2352;352;NBR (N 0674-70);Medidas Disponíveis
Parker;2428;428;NBR (N 0674-70);Medidas Disponíveis
Parker;2249;249;NBR (N 0674-70);Medidas Disponíveis
Parker;6255;123.5x9.5;NBR (N 0674-70);Medidas Disponíveis
Parker;6968;125.8x3;NBR (N 0674-70);Medidas Disponíveis
Parker;6422;126x4;NBR (N 0674-70);Medidas Disponíveis
Parker;6430;126x8;NBR (N 0674-70);Medidas Disponíveis
Parker;6-1289;126x6;NBR (N 0674-70);Medidas Disponíveis
Parker;2353;353;NBR (N 0674-70);Medidas Disponíveis
Parker;2429;429;NBR (N 0674-70);Medidas Disponíveis
Parker;2250;250;NBR (N 0674-70);Medidas Disponíveis
Parker;2159;159;NBR (N 0674-70);Medidas Disponíveis
Parker;2049;049;NBR (N 0674-70);Medidas Disponíveis
Parker;6-1296;127x10;NBR (N 0674-70);Medidas Disponíveis
Parker;6935;129.4x1.78;NBR (N 0674-70);Medidas Disponíveis
Parker;2354;354;NBR (N 0674-70);Medidas Disponíveis
Parker;2430;430;NBR (N 0674-70);Medidas Disponíveis
Parker;6126;129.54x1.65;NBR (N 0674-70);Medidas Disponíveis
Parker;6451;129.54x5.33;FKM (Viton);Medidas Disponíveis
Parker;2251;251;NBR (N 0674-70);Medidas Disponíveis
Parker;6689;130x3;Silicone (MQ);Medidas Disponíveis
Parker;61161;132.5x5.8;NBR (N 0674-70);Medidas Disponíveis
Parker;61162;132.5x5.8;NBR (N 0674-70);Medidas Disponíveis
Parker;61163;132.5x1.9;NBR (N 0674-70);Medidas Disponíveis
Parker;2355;355;NBR (N 0674-70);Medidas Disponíveis
Parker;2431;431;NBR (N 0674-70);Medidas Disponíveis
Parker;2252;252;NBR (N 0674-70);Medidas Disponíveis
Parker;61200;133x2.62;NBR (N 0674-70);Medidas Disponíveis
Parker;6-1297;133x10;NBR (N 0674-70);Medidas Disponíveis
Parker;2160;160;NBR (N 0674-70);Medidas Disponíveis
Parker;2050;050;NBR (N 0674-70);Medidas Disponíveis
Parker;6068;134x2;NBR (N 0674-70);Medidas Disponíveis
Parker;6789;134x4;NBR (N 0674-70);Medidas Disponíveis
Parker;2356;356;NBR (N 0674-70);Medidas Disponíveis
Parker;2432;432;NBR (N 0674-70);Medidas Disponíveis
Parker;2253;253;NBR (N 0674-70);Medidas Disponíveis
Parker;6066;138x4;NBR (N 0674-70);Medidas Disponíveis
Parker;6134;138x4;FKM (Viton);Medidas Disponíveis
Parker;6431;138x8;NBR (N 0674-70);Medidas Disponíveis
Parker;6828;138x6;NBR (N 0674-70);Medidas Disponíveis
Parker;61160;138.44x2;NBR (N 0674-70);Medidas Disponíveis
Parker;2357;357;NBR (N 0674-70);Medidas Disponíveis
Parker;2433;433;NBR (N 0674-70);Medidas Disponíveis
Parker;2254;254;NBR (N 0674-70);Medidas Disponíveis
Parker;2161;161;NBR (N 0674-70);Medidas Disponíveis
Parker;6238;139.5x4;FKM (Viton);Medidas Disponíveis
Parker;6432;140x10;NBR (N 0674-70);Medidas Disponíveis
Parker;6740;140.5x4;NBR (N 0674-70);Medidas Disponíveis
Parker;61165;141x2.4;NBR (N 0674-70);Medidas Disponíveis
Parker;6826;141.75x4;NBR (N 0674-70);Medidas Disponíveis
Parker;2358;358;NBR (N 0674-70);Medidas Disponíveis
Parker;2434;434;NBR (N 0674-70);Medidas Disponíveis
Parker;2255;255;NBR (N 0674-70);Medidas Disponíveis
Parker;61159;142.74x3.8;NBR (N 0674-70);Medidas Disponíveis
Parker;61164;142.8x5.8;NBR (N 0674-70);Medidas Disponíveis
Parker;61166;142.8x5.8;NBR (N 0674-70);Medidas Disponíveis
Parker;6468;144x4.5;Silicone (MQ);Medidas Disponíveis
Parker;6923;144x2.5;NBR (N 0674-70);Medidas Disponíveis
Parker;61037;144x2.5;NBR (N 0674-70);Medidas Disponíveis
Parker;6656;144.5x3;Silicone (MQ);Medidas Disponíveis
Parker;6123;144.78x4.19;NBR (N 0674-70);Medidas Disponíveis
Parker;6074;145.16x4.31;NBR (N 0674-70);Medidas Disponíveis
Parker;6132;145.16x4.14;NBR (N 0674-70);Medidas Disponíveis
Parker;6581;145.16x3.96;NBR (N 0674-70);Medidas Disponíveis
Parker;2359;359;NBR (N 0674-70);Medidas Disponíveis
Parker;2435;435;NBR (N 0674-70);Medidas Disponíveis
Parker;2256;256;NBR (N 0674-70);Medidas Disponíveis
Parker;6439;145.64x9.47;NBR (N 0674-70);Medidas Disponíveis
Parker;2162;162;NBR (N 0674-70);Medidas Disponíveis
Parker;6924;147.5x4;NBR (N 0674-70);Medidas Disponíveis
Parker;61201;147.5x4;NBR (N 0674-70);Medidas Disponíveis
Parker;2360;360;NBR (N 0674-70);Medidas Disponíveis
Parker;2436;436;NBR (N 0674-70);Medidas Disponíveis
Parker;2257;257;NBR (N 0674-70);Medidas Disponíveis
Parker;6-1298;150x10;NBR (N 0674-70);Medidas Disponíveis
Parker;2361;361;NBR (N 0674-70);Medidas Disponíveis
Parker;2437;437;NBR (N 0674-70);Medidas Disponíveis
Parker;2258;258;NBR (N 0674-70);Medidas Disponíveis
Parker;6631;152x12;NBR (N 0674-70);Medidas Disponíveis
Parker;6-1213;152x4;NBR (N 0674-70);Medidas Disponíveis
Parker;2163;163;NBR (N 0674-70);Medidas Disponíveis
Parker;6385;152.07x2.62;FKM (Viton);Medidas Disponíveis
Parker;6036;152.4x4.88;NBR (N 0674-70);Medidas Disponíveis
Parker;6619;155x4.5;NBR (N 0674-70);Medidas Disponíveis
Parker;2362;362;NBR (N 0674-70);Medidas Disponíveis
Parker;2438;438;NBR (N 0674-70);Medidas Disponíveis
Parker;2259;259;NBR (N 0674-70);Medidas Disponíveis
Parker;2164;164;NBR (N 0674-70);Medidas Disponíveis
Parker;6177;160x3;NBR (N 0674-70);Medidas Disponíveis
Parker;2363;363;NBR (N 0674-70);Medidas Disponíveis
Parker;2439;439;NBR (N 0674-70);Medidas Disponíveis
Parker;2260;260;NBR (N 0674-70);Medidas Disponíveis
Parker;2165;165;NBR (N 0674-70);Medidas Disponíveis
Parker;6490;165.1x4.88;NBR (N 0674-70);Medidas Disponíveis
Parker;6268;167.28x8;NBR (N 0674-70);Medidas Disponíveis
Parker;6069;169x3.6;NBR (N 0674-70);Medidas Disponíveis
Parker;6739;169.3x5.7;NBR (N 0674-70);Medidas Disponíveis
Parker;2364;364;NBR (N 0674-70);Medidas Disponíveis
Parker;2440;440;NBR (N 0674-70);Medidas Disponíveis
Parker;2261;261;NBR (N 0674-70);Medidas Disponíveis
Parker;2166;166;NBR (N 0674-70);Medidas Disponíveis
Parker;6565;172x4.5;NBR (N 0674-70);Medidas Disponíveis
Parker;6433;173x10;NBR (N 0674-70);Medidas Disponíveis
Parker;2365;365;NBR (N 0674-70);Medidas Disponíveis
Parker;2441;441;NBR (N 0674-70);Medidas Disponíveis
Parker;2262;262;NBR (N 0674-70);Medidas Disponíveis
Parker;2167;167;NBR (N 0674-70);Medidas Disponíveis
Parker;6-1299;178x10;NBR (N 0674-70);Medidas Disponíveis
Parker;6723;179.3x5.7;NBR (N 0674-70);Medidas Disponíveis
Parker;6331;180x3;NBR (N 0674-70);Medidas Disponíveis
Parker;2366;366;NBR (N 0674-70);Medidas Disponíveis
Parker;2442;442;NBR (N 0674-70);Medidas Disponíveis
Parker;2263;263;NBR (N 0674-70);Medidas Disponíveis
Parker;2168;168;NBR (N 0674-70);Medidas Disponíveis
Parker;6-1300;185x10;NBR (N 0674-70);Medidas Disponíveis
Parker;6484;186.6x5.33;NBR (N 0674-70);Medidas Disponíveis
Parker;6738;189.3x5.7;NBR (N 0674-70);Medidas Disponíveis
Parker;2367;367;NBR (N 0674-70);Medidas Disponíveis
Parker;2443;443;NBR (N 0674-70);Medidas Disponíveis
Parker;2264;264;NBR (N 0674-70);Medidas Disponíveis
Parker;2169;169;NBR (N 0674-70);Medidas Disponíveis
Parker;6749;195x6;NBR (N 0674-70);Medidas Disponíveis
Parker;2368;368;NBR (N 0674-70);Medidas Disponíveis
Parker;2444;444;NBR (N 0674-70);Medidas Disponíveis
Parker;2265;265;NBR (N 0674-70);Medidas Disponíveis
Parker;2170;170;NBR (N 0674-70);Medidas Disponíveis
Parker;6444;199.3x5.33;NBR (N 0674-70);Medidas Disponíveis
Parker;2369;369;NBR (N 0674-70);Medidas Disponíveis
Parker;2445;445;NBR (N 0674-70);Medidas Disponíveis
Parker;2266;266;NBR (N 0674-70);Medidas Disponíveis
Parker;2171;171;NBR (N 0674-70);Medidas Disponíveis
Parker;6-1301;203x10;NBR (N 0674-70);Medidas Disponíveis
Parker;6434;205x8;NBR (N 0674-70);Medidas Disponíveis
Parker;2370;370;NBR (N 0674-70);Medidas Disponíveis
Parker;2267;267;NBR (N 0674-70);Medidas Disponíveis
Parker;2172;172;NBR (N 0674-70);Medidas Disponíveis
Parker;6736;209.3x5.7;Silicone (MQ);Medidas Disponíveis
Parker;2371;371;NBR (N 0674-70);Medidas Disponíveis
Parker;2446;446;NBR (N 0674-70);Medidas Disponíveis
Parker;2268;268;NBR (N 0674-70);Medidas Disponíveis
Parker;2173;173;NBR (N 0674-70);Medidas Disponíveis
Parker;6-1302;220x10;NBR (N 0674-70);Medidas Disponíveis
Parker;2372;372;NBR (N 0674-70);Medidas Disponíveis
Parker;2269;269;NBR (N 0674-70);Medidas Disponíveis
Parker;2174;174;NBR (N 0674-70);Medidas Disponíveis
Parker;2373;373;NBR (N 0674-70);Medidas Disponíveis
Parker;2447;447;NBR (N 0674-70);Medidas Disponíveis
Parker;2270;270;NBR (N 0674-70);Medidas Disponíveis
Parker;2175;175;NBR (N 0674-70);Medidas Disponíveis
Parker;6724;229.3x5.7;NBR (N 0674-70);Medidas Disponíveis
Parker;6071;232x12;NBR (N 0674-70);Medidas Disponíveis
Parker;2-001;1.02x1.02;NBR (N 0674-70);Série 2-xxx (W 1,78)
Parker;2-002;1.27x1.27;NBR (N 0674-70);Série 2-xxx (W 1,78)
Parker;2-003;1.52x1.52;NBR (N 0674-70);Série 2-xxx (W 1,78)
Smierveda;;1x1;NBR;Métricos (seção 1.00)
Smierveda;;1.5x1;NBR;Métricos (seção 1.00)
Smierveda;;2x1;NBR;Métricos (seção 1.00)
Smierveda;;2.5x1;NBR;Métricos (seção 1.00)
Smierveda;;3x1;NBR;Métricos (seção 1.00)
Smierveda;;3.5x1;NBR;Métricos (seção 1.00)
Smierveda;;4x1;NBR;Métricos (seção 1.00)
Smierveda;;4.5x1;NBR;Métricos (seção 1.00)
Smierveda;;5x1;NBR;Métricos (seção 1.00)
Smierveda;;5.5x1;NBR;Métricos (seção 1.00)
Smierveda;;6x1;NBR;Métricos (seção 1.00)
Smierveda;;6.5x1;NBR;Métricos (seção 1.00)
Smierveda;;7x1;NBR;Métricos (seção 1.00)
Smierveda;;7.5x1;NBR;Métricos (seção 1.00)
Smierveda;;8x1;NBR;Métricos (seção 1.00)
Smierveda;;8.5x1;NBR;Métricos (seção 1.00)
Smierveda;;9x1;NBR;Métricos (seção 1.00)
Smierveda;;9.5x1;NBR;Métricos (seção 1.00)
Smierveda;;10x1;NBR;Métricos (seção 1.00)
Smierveda;;10.5x1;NBR;Métricos (seção 1.00)
Smierveda;;11x1;NBR;Métricos (seção 1.00)
Smierveda;;11.5x1;NBR;Métricos (seção 1.00)
Smierveda;;12x1;NBR;Métricos (seção 1.00)
Smierveda;;12.5x1;NBR;Métricos (seção 1.00)
Smierveda;;13x1;NBR;Métricos (seção 1.00)
Smierveda;;13.5x1;NBR;Métricos (seção 1.00)
Smierveda;;14x1;NBR;Métricos (seção 1.00)
Smierveda;;15x1;NBR;Métricos (seção 1.00)
Smierveda;;15.5x1;NBR;Métricos (seção 1.00)
Smierveda;;16x1;NBR;Métricos (seção 1.00)
Smierveda;;17x1;NBR;Métricos (seção 1.00)
Smierveda;;17.5x1;NBR;Métricos (seção 1.00)
Smierveda;;18x1;NBR;Métricos (seção 1.00)
Smierveda;;18.5x1;NBR;Métricos (seção 1.00)
Smierveda;;19x1;NBR;Métricos (seção 1.00)
Smierveda;;19.5x1;NBR;Métricos (seção 1.00)
Smierveda;;20x1;NBR;Métricos (seção 1.00)
Smierveda;;21x1;NBR;Métricos (seção 1.00)
Smierveda;;22x1;NBR;Métricos (seção 1.00)
Smierveda;;23x1;NBR;Métricos (seção 1.00)
Smierveda;;24x1;NBR;Métricos (seção 1.00)
Smierveda;;25x1;NBR;Métricos (seção 1.00)
Smierveda;;26x1;NBR;Métricos (seção 1.00)
Smierveda;;27x1;NBR;Métricos (seção 1.00)
Smierveda;;28x1;NBR;Métricos (seção 1.00)
Smierveda;;29x1;NBR;Métricos (seção 1.00)
Smierveda;;30x1;NBR;Métricos (seção 1.00)
Smierveda;;31x1;NBR;Métricos (seção 1.00)
Smierveda;;32x1;NBR;Métricos (seção 1.00)
Smierveda;;33x1;NBR;Métricos (seção 1.00)
Smierveda;;34x1;NBR;Métricos (seção 1.00)
Smierveda;;35x1;NBR;Métricos (seção 1.00)
Smierveda;;36x1;NBR;Métricos (seção 1.00)
Smierveda;;37x1;NBR;Métricos (seção 1.00)
Smierveda;;38x1;NBR;Métricos (seção 1.00)
Smierveda;;39x1;NBR;Métricos (seção 1.00)
Smierveda;;40x1;NBR;Métricos (seção 1.00)
Smierveda;;41x1;NBR;Métricos (seção 1.00)
Smierveda;;42x1;NBR;Métricos (seção 1.00)
Smierveda;;43x1;NBR;Métricos (seção 1.00)
Smierveda;;44x1;NBR;Métricos (seção 1.00)
Smierveda;;45x1;NBR;Métricos (seção 1.00)
Smierveda;;46x1;NBR;Métricos (seção 1.00)
Smierveda;;47x1;NBR;Métricos (seção 1.00)
Smierveda;;48x1;NBR;Métricos (seção 1.00)
Smierveda;;52x1;NBR;Métricos (seção 1.00)
Smierveda;;56x1;NBR;Métricos (seção 1.00)
Smierveda;;92x1;NBR;Métricos (seção 1.00)
Smierveda;;130x1;NBR;Métricos (seção 1.00)
Smierveda;;1x1.5;NBR;Métricos (seção 1.50)
Smierveda;;2x1.5;NBR;Métricos (seção 1.50)
Smierveda;;3x1.5;NBR;Métricos (seção 1.50)
Smierveda;;4x1.5;NBR;Métricos (seção 1.50)
Smierveda;;5x1.5;NBR;Métricos (seção 1.50)
Smierveda;;6x1.5;NBR;Métricos (seção 1.50)
Smierveda;;7x1.5;NBR;Métricos (seção 1.50)
Smierveda;;8x1.5;NBR;Métricos (seção 1.50)
Smierveda;;9x1.5;NBR;Métricos (seção 1.50)
Smierveda;;10x1.5;NBR;Métricos (seção 1.50)
Smierveda;;11x1.5;NBR;Métricos (seção 1.50)
Smierveda;;12x1.5;NBR;Métricos (seção 1.50)
Smierveda;;13x1.5;NBR;Métricos (seção 1.50)
Smierveda;;14x1.5;NBR;Métricos (seção 1.50)
Smierveda;;15x1.5;NBR;Métricos (seção 1.50)
Smierveda;;16x1.5;NBR;Métricos (seção 1.50)
Smierveda;;17x1.5;NBR;Métricos (seção 1.50)
Smierveda;;18x1.5;NBR;Métricos (seção 1.50)
Smierveda;;19x1.5;NBR;Métricos (seção 1.50)
Smierveda;;20x1.5;NBR;Métricos (seção 1.50)
Smierveda;;21x1.5;NBR;Métricos (seção 1.50)
Smierveda;;22x1.5;NBR;Métricos (seção 1.50)
Smierveda;;23x1.5;NBR;Métricos (seção 1.50)
Smierveda;;24x1.5;NBR;Métricos (seção 1.50)
Smierveda;;25x1.5;NBR;Métricos (seção 1.50)
Smierveda;;26x1.5;NBR;Métricos (seção 1.50)
Smierveda;;27x1.5;NBR;Métricos (seção 1.50)
Smierveda;;28x1.5;NBR;Métricos (seção 1.50)
Smierveda;;29x1.5;NBR;Métricos (seção 1.50)
Smierveda;;30x1.5;NBR;Métricos (seção 1.50)
Smierveda;;31x1.5;NBR;Métricos (seção 1.50)
Smierveda;;32x1.5;NBR;Métricos (seção 1.50)
Smierveda;;33x1.5;NBR;Métricos (seção 1.50)
Smierveda;;34x1.5;NBR;Métricos (seção 1.50)
Smierveda;;35x1.5;NBR;Métricos (seção 1.50)
Smierveda;;36x1.5;NBR;Métricos (seção 1.50)
Smierveda;;37x1.5;NBR;Métricos (seção 1.50)
Smierveda;;38x1.5;NBR;Métricos (seção 1.50)
Smierveda;;39x1.5;NBR;Métricos (seção 1.50)
Smierveda;;40x1.5;NBR;Métricos (seção 1.50)
Smierveda;;41x1.5;NBR;Métricos (seção 1.50)
Smierveda;;42x1.5;NBR;Métricos (seção 1.50)
Smierveda;;43x1.5;NBR;Métricos (seção 1.50)
Smierveda;;44x1.5;NBR;Métricos (seção 1.50)
Smierveda;;45x1.5;NBR;Métricos (seção 1.50)
Smierveda;;46x1.5;NBR;Métricos (seção 1.50)
Smierveda;;47x1.5;NBR;Métricos (seção 1.50)
Smierveda;;48x1.5;NBR;Métricos (seção 1.50)
Smierveda;;49x1.5;NBR;Métricos (seção 1.50)
Smierveda;;50x1.5;NBR;Métricos (seção 1.50)
Smierveda;;51x1.5;NBR;Métricos (seção 1.50)
Smierveda;;52x1.5;NBR;Métricos (seção 1.50)
Smierveda;;53x1.5;NBR;Métricos (seção 1.50)
Smierveda;;54x1.5;NBR;Métricos (seção 1.50)
Smierveda;;55x1.5;NBR;Métricos (seção 1.50)
Smierveda;;56x1.5;NBR;Métricos (seção 1.50)
Smierveda;;57x1.5;NBR;Métricos (seção 1.50)
Smierveda;;58x1.5;NBR;Métricos (seção 1.50)
Smierveda;;59x1.5;NBR;Métricos (seção 1.50)
Smierveda;;60x1.5;NBR;Métricos (seção 1.50)
Smierveda;;61x1.5;NBR;Métricos (seção 1.50)
Smierveda;;62x1.5;NBR;Métricos (seção 1.50)
Smierveda;;63x1.5;NBR;Métricos (seção 1.50)
Smierveda;;64x1.5;NBR;Métricos (seção 1.50)
Smierveda;;65x1.5;NBR;Métricos (seção 1.50)
Smierveda;;66x1.5;NBR;Métricos (seção 1.50)
Smierveda;;67x1.5;NBR;Métricos (seção 1.50)
Smierveda;;68x1.5;NBR;Métricos (seção 1.50)
Smierveda;;69x1.5;NBR;Métricos (seção 1.50)
Smierveda;;70x1.5;NBR;Métricos (seção 1.50)
Smierveda;;71x1.5;NBR;Métricos (seção 1.50)
Smierveda;;72x1.5;NBR;Métricos (seção 1.50)
Smierveda;;73x1.5;NBR;Métricos (seção 1.50)
Smierveda;;74x1.5;NBR;Métricos (seção 1.50)
Smierveda;;75x1.5;NBR;Métricos (seção 1.50)
Smierveda;;76x1.5;NBR;Métricos (seção 1.50)
Smierveda;;77x1.5;NBR;Métricos (seção 1.50)
Smierveda;;78x1.5;NBR;Métricos (seção 1.50)
Smierveda;;79x1.5;NBR;Métricos (seção 1.50)
Smierveda;;80x1.5;NBR;Métricos (seção 1.50)
Smierveda;;81x1.5;NBR;Métricos (seção 1.50)
Smierveda;;82x1.5;NBR;Métricos (seção 1.50)
Smierveda;;83x1.5;NBR;Métricos (seção 1.50)
Smierveda;;84x1.5;NBR;Métricos (seção 1.50)
Smierveda;;85x1.5;NBR;Métricos (seção 1.50)
Smierveda;;86x1.5;NBR;Métricos (seção 1.50)
Smierveda;;87x1.5;NBR;Métricos (seção 1.50)
Smierveda;;88x1.5;NBR;Métricos (seção 1.50)
Smierveda;;89x1.5;NBR;Métricos (seção 1.50)
Smierveda;;90x1.5;NBR;Métricos (seção 1.50)
Smierveda;;91x1.5;NBR;Métricos (seção 1.50)
Smierveda;;92x1.5;NBR;Métricos (seção 1.50)
Smierveda;;93x1.5;NBR;Métricos (seção 1.50)
Smierveda;;94x1.5;NBR;Métricos (seção 1.50)
Smierveda;;95x1.5;NBR;Métricos (seção 1.50)
Smierveda;;96x1.5;NBR;Métricos (seção 1.50)
Smierveda;;97x1.5;NBR;Métricos (seção 1.50)
Smierveda;;98x1.5;NBR;Métricos (seção 1.50)
Smierveda;;99x1.5;NBR;Métricos (seção 1.50)
Smierveda;;100x1.5;NBR;Métricos (seção 1.50)
Smierveda;;1x1.8;NBR;Métricos (seção 1.80)
Smierveda;;2x1.8;NBR;Métricos (seção 1.80)
Smierveda;;3x1.8;NBR;Métricos (seção 1.80)
Smierveda;;4x1.8;NBR;Métricos (seção 1.80)
Smierveda;;5x1.8;NBR;Métricos (seção 1.80)
Smierveda;;6x1.8;NBR;Métricos (seção 1.80)
Smierveda;;7x1.8;NBR;Métricos (seção 1.80)
Smierveda;;8x1.8;NBR;Métricos (seção 1.80)
Smierveda;;9x1.8;NBR;Métricos (seção 1.80)
Smierveda;;10x1.8;NBR;Métricos (seção 1.80)
Smierveda;;11x1.8;NBR;Métricos (seção 1.80)
Smierveda;;12x1.8;NBR;Métricos (seção 1.80)
Smierveda;;13x1.8;NBR;Métricos (seção 1.80)
Smierveda;;14x1.8;NBR;Métricos (seção 1.80)
Smierveda;;15x1.8;NBR;Métricos (seção 1.80)
Smierveda;;16x1.8;NBR;Métricos (seção 1.80)
Smierveda;;17x1.8;NBR;Métricos (seção 1.80)
Smierveda;;18x1.8;NBR;Métricos (seção 1.80)
Smierveda;;19x1.8;NBR;Métricos (seção 1.80)
Smierveda;;20x1.8;NBR;Métricos (seção 1.80)
Smierveda;;21x1.8;NBR;Métricos (seção 1.80)
Smierveda;;22x1.8;NBR;Métricos (seção 1.80)
Smierveda;;23x1.8;NBR;Métricos (seção 1.80)
Smierveda;;24x1.8;NBR;Métricos (seção 1.80)
Smierveda;;25x1.8;NBR;Métricos (seção 1.80)
Smierveda;;26x1.8;NBR;Métricos (seção 1.80)
Smierveda;;27x1.8;NBR;Métricos (seção 1.80)
Smierveda;;28x1.8;NBR;Métricos (seção 1.80)
Smierveda;;29x1.8;NBR;Métricos (seção 1.80)
Smierveda;;30x1.8;NBR;Métricos (seção 1.80)
Smierveda;;31x1.8;NBR;Métricos (seção 1.80)
Smierveda;;32x1.8;NBR;Métricos (seção 1.80)
Smierveda;;33x1.8;NBR;Métricos (seção 1.80)
Smierveda;;34x1.8;NBR;Métricos (seção 1.80)
Smierveda;;35x1.8;NBR;Métricos (seção 1.80)
Smierveda;;36x1.8;NBR;Métricos (seção 1.80)
Smierveda;;37x1.8;NBR;Métricos (seção 1.80)
Smierveda;;38x1.8;NBR;Métricos (seção 1.80)
Smierveda;;39x1.8;NBR;Métricos (seção 1.80)
Smierveda;;40x1.8;NBR;Métricos (seção 1.80)
Smierveda;;41x1.8;NBR;Métricos (seção 1.80)
Smierveda;;42x1.8;NBR;Métricos (seção 1.80)
Smierveda;;43x1.8;NBR;Métricos (seção 1.80)
Smierveda;;44x1.8;NBR;Métricos (seção 1.80)
Smierveda;;45x1.8;NBR;Métricos (seção 1.80)
Smierveda;;46x1.8;NBR;Métricos (seção 1.80)
Smierveda;;47x1.8;NBR;Métricos (seção 1.80)
Smierveda;;48x1.8;NBR;Métricos (seção 1.80)
Smierveda;;49x1.8;NBR;Métricos (seção 1.80)
Smierveda;;50x1.8;NBR;Métricos (seção 1.80)
Smierveda;;51x1.8;NBR;Métricos (seção 1.80)
Smierveda;;52x1.8;NBR;Métricos (seção 1.80)
Smierveda;;53x1.8;NBR;Métricos (seção 1.80)
Smierveda;;54x1.8;NBR;Métricos (seção 1.80)
Smierveda;;55x1.8;NBR;Métricos (seção 1.80)
Smierveda;;56x1.8;NBR;Métricos (seção 1.80)
Smierveda;;57x1.8;NBR;Métricos (seção 1.80)
Smierveda;;58x1.8;NBR;Métricos (seção 1.80)
Smierveda;;59x1.8;NBR;Métricos (seção 1.80)
Smierveda;;60x1.8;NBR;Métricos (seção 1.80)
Smierveda;;61x1.8;NBR;Métricos (seção 1.80)
Smierveda;;62x1.8;NBR;Métricos (seção 1.80)
Smierveda;;63x1.8;NBR;Métricos (seção 1.80)
Smierveda;;64x1.8;NBR;Métricos (seção 1.80)
Smierveda;;65x1.8;NBR;Métricos (seção 1.80)
Smierveda;;66x1.8;NBR;Métricos (seção 1.80)
Smierveda;;67x1.8;NBR;Métricos (seção 1.80)
Smierveda;;68x1.8;NBR;Métricos (seção 1.80)
Smierveda;;69x1.8;NBR;Métricos (seção 1.80)
Smierveda;;70x1.8;NBR;Métricos (seção 1.80)
Smierveda;;71x1.8;NBR;Métricos (seção 1.80)
Smierveda;;72x1.8;NBR;Métricos (seção 1.80)
Smierveda;;73x1.8;NBR;Métricos (seção 1.80)
Smierveda;;74x1.8;NBR;Métricos (seção 1.80)
Smierveda;;75x1.8;NBR;Métricos (seção 1.80)
Smierveda;;76x1.8;NBR;Métricos (seção 1.80)
Smierveda;;77x1.8;NBR;Métricos (seção 1.80)
Smierveda;;78x1.8;NBR;Métricos (seção 1.80)
Smierveda;;79x1.8;NBR;Métricos (seção 1.80)
Smierveda;;80x1.8;NBR;Métricos (seção 1.80)
Smierveda;;81x1.8;NBR;Métricos (seção 1.80)
Smierveda;;82x1.8;NBR;Métricos (seção 1.80)
Smierveda;;83x1.8;NBR;Métricos (seção 1.80)
Smierveda;;84x1.8;NBR;Métricos (seção 1.80)
Smierveda;;85x1.8;NBR;Métricos (seção 1.80)
Smierveda;;86x1.8;NBR;Métricos (seção 1.80)
Smierveda;;87x1.8;NBR;Métricos (seção 1.80)
Smierveda;;88x1.8;NBR;Métricos (seção 1.80)
Smierveda;;89x1.8;NBR;Métricos (seção 1.80)
Smierveda;;90x1.8;NBR;Métricos (seção 1.80)
Smierveda;;91x1.8;NBR;Métricos (seção 1.80)
Smierveda;;92x1.8;NBR;Métricos (seção 1.80)
Smierveda;;93x1.8;NBR;Métricos (seção 1.80)
Smierveda;;94x1.8;NBR;Métricos (seção 1.80)
Smierveda;;95x1.8;NBR;Métricos (seção 1.80)
Smierveda;;96x1.8;NBR;Métricos (seção 1.80)
Smierveda;;97x1.8;NBR;Métricos (seção 1.80)
Smierveda;;98x1.8;NBR;Métricos (seção 1.80)
Smierveda;;99x1.8;NBR;Métricos (seção 1.80)
Smierveda;;100x1.8;NBR;Métricos (seção 1.80)
Smierveda;;20x10;NBR;Métricos (seção 10.00)
Smierveda;;21x10;NBR;Métricos (seção 10.00)
Smierveda;;22x10;NBR;Métricos (seção 10.00)
Smierveda;;23x10;NBR;Métricos (seção 10.00)
Smierveda;;24x10;NBR;Métricos (seção 10.00)
Smierveda;;25x10;NBR;Métricos (seção 10.00)
Smierveda;;26x10;NBR;Métricos (seção 10.00)
Smierveda;;27x10;NBR;Métricos (seção 10.00)
Smierveda;;28x10;NBR;Métricos (seção 10.00)
Smierveda;;29x10;NBR;Métricos (seção 10.00)
Smierveda;;30x10;NBR;Métricos (seção 10.00)
Smierveda;;31x10;NBR;Métricos (seção 10.00)
Smierveda;;32x10;NBR;Métricos (seção 10.00)
Smierveda;;33x10;NBR;Métricos (seção 10.00)
Smierveda;;34x10;NBR;Métricos (seção 10.00)
Smierveda;;35x10;NBR;Métricos (seção 10.00)
Smierveda;;36x10;NBR;Métricos (seção 10.00)
Smierveda;;37x10;NBR;Métricos (seção 10.00)
Smierveda;;38x10;NBR;Métricos (seção 10.00)
Smierveda;;39x10;NBR;Métricos (seção 10.00)
Smierveda;;40x10;NBR;Métricos (seção 10.00)
Smierveda;;41x10;NBR;Métricos (seção 10.00)
Smierveda;;42x10;NBR;Métricos (seção 10.00)
Smierveda;;43x10;NBR;Métricos (seção 10.00)
Smierveda;;44x10;NBR;Métricos (seção 10.00)
Smierveda;;45x10;NBR;Métricos (seção 10.00)
Smierveda;;46x10;NBR;Métricos (seção 10.00)
Smierveda;;47x10;NBR;Métricos (seção 10.00)
Smierveda;;48x10;NBR;Métricos (seção 10.00)
Smierveda;;49x10;NBR;Métricos (seção 10.00)
Smierveda;;50x10;NBR;Métricos (seção 10.00)
Smierveda;;51x10;NBR;Métricos (seção 10.00)
Smierveda;;52x10;NBR;Métricos (seção 10.00)
Smierveda;;53x10;NBR;Métricos (seção 10.00)
Smierveda;;54x10;NBR;Métricos (seção 10.00)
Smierveda;;55x10;NBR;Métricos (seção 10.00)
Smierveda;;56x10;NBR;Métricos (seção 10.00)
Smierveda;;57x10;NBR;Métricos (seção 10.00)
Smierveda;;58x10;NBR;Métricos (seção 10.00)
Smierveda;;59x10;NBR;Métricos (seção 10.00)
Smierveda;;60x10;NBR;Métricos (seção 10.00)
Smierveda;;61x10;NBR;Métricos (seção 10.00)
Smierveda;;62x10;NBR;Métricos (seção 10.00)
Smierveda;;63x10;NBR;Métricos (seção 10.00)
Smierveda;;64x10;NBR;Métricos (seção 10.00)
Smierveda;;65x10;NBR;Métricos (seção 10.00)
Smierveda;;66x10;NBR;Métricos (seção 10.00)
Smierveda;;67x10;NBR;Métricos (seção 10.00)
Smierveda;;68x10;NBR;Métricos (seção 10.00)
Smierveda;;69x10;NBR;Métricos (seção 10.00)
Smierveda;;70x10;NBR;Métricos (seção 10.00)
Smierveda;;71x10;NBR;Métricos (seção 10.00)
Smierveda;;72x10;NBR;Métricos (seção 10.00)
Smierveda;;73x10;NBR;Métricos (seção 10.00)
Smierveda;;74x10;NBR;Métricos (seção 10.00)
Smierveda;;75x10;NBR;Métricos (seção 10.00)
Smierveda;;76x10;NBR;Métricos (seção 10.00)
Smierveda;;77x10;NBR;Métricos (seção 10.00)
Smierveda;;78x10;NBR;Métricos (seção 10.00)
Smierveda;;79x10;NBR;Métricos (seção 10.00)
Smierveda;;80x10;NBR;Métricos (seção 10.00)
Smierveda;;81x10;NBR;Métricos (seção 10.00)
Smierveda;;82x10;NBR;Métricos (seção 10.00)
Smierveda;;83x10;NBR;Métricos (seção 10.00)
Smierveda;;84x10;NBR;Métricos (seção 10.00)
Smierveda;;85x10;NBR;Métricos (seção 10.00)
Smierveda;;86x10;NBR;Métricos (seção 10.00)
Smierveda;;87x10;NBR;Métricos (seção 10.00)
Smierveda;;88x10;NBR;Métricos (seção 10.00)
Smierveda;;89x10;NBR;Métricos (seção 10.00)
Smierveda;;90x10;NBR;Métricos (seção 10.00)
Smierveda;;91x10;NBR;Métricos (seção 10.00)
Smierveda;;92x10;NBR;Métricos (seção 10.00)
Smierveda;;93x10;NBR;Métricos (seção 10.00)
Smierveda;;94x10;NBR;Métricos (seção 10.00)
Smierveda;;95x10;NBR;Métricos (seção 10.00)
Smierveda;;96x10;NBR;Métricos (seção 10.00)
Smierveda;;97x10;NBR;Métricos (seção 10.00)
Smierveda;;98x10;NBR;Métricos (seção 10.00)
Smierveda;;99x10;NBR;Métricos (seção 10.00)
Smierveda;;100x10;NBR;Métricos (seção 10.00)
Smierveda;;101x10;NBR;Métricos (seção 10.00)
Smierveda;;102x10;NBR;Métricos (seção 10.00)
Smierveda;;103x10;NBR;Métricos (seção 10.00)
Smierveda;;104x10;NBR;Métricos (seção 10.00)
Smierveda;;105x10;NBR;Métricos (seção 10.00)
Smierveda;;106x10;NBR;Métricos (seção 10.00)
Smierveda;;107x10;NBR;Métricos (seção 10.00)
Smierveda;;108x10;NBR;Métricos (seção 10.00)
Smierveda;;109x10;NBR;Métricos (seção 10.00)
Smierveda;;110x10;NBR;Métricos (seção 10.00)
Smierveda;;111x10;NBR;Métricos (seção 10.00)
Smierveda;;112x10;NBR;Métricos (seção 10.00)
Smierveda;;113x10;NBR;Métricos (seção 10.00)
Smierveda;;114x10;NBR;Métricos (seção 10.00)
Smierveda;;115x10;NBR;Métricos (seção 10.00)
Smierveda;;116x10;NBR;Métricos (seção 10.00)
Smierveda;;117x10;NBR;Métricos (seção 10.00)
Smierveda;;118x10;NBR;Métricos (seção 10.00)
Smierveda;;119x10;NBR;Métricos (seção 10.00)
Smierveda;;120x10;NBR;Métricos (seção 10.00)
Smierveda;;121x10;NBR;Métricos (seção 10.00)
Smierveda;;122x10;NBR;Métricos (seção 10.00)
Smierveda;;123x10;NBR;Métricos (seção 10.00)
Smierveda;;124x10;NBR;Métricos (seção 10.00)
Smierveda;;125x10;NBR;Métricos (seção 10.00)
Smierveda;;126x10;NBR;Métricos (seção 10.00)
Smierveda;;127x10;NBR;Métricos (seção 10.00)
Smierveda;;128x10;NBR;Métricos (seção 10.00)
Smierveda;;129x10;NBR;Métricos (seção 10.00)
Smierveda;;130x10;NBR;Métricos (seção 10.00)
Smierveda;;131x10;NBR;Métricos (seção 10.00)
Smierveda;;132x10;NBR;Métricos (seção 10.00)
Smierveda;;133x10;NBR;Métricos (seção 10.00)
Smierveda;;134x10;NBR;Métricos (seção 10.00)
Smierveda;;135x10;NBR;Métricos (seção 10.00)
Smierveda;;136x10;NBR;Métricos (seção 10.00)
Smierveda;;137x10;NBR;Métricos (seção 10.00)
Smierveda;;138x10;NBR;Métricos (seção 10.00)
Smierveda;;139x10;NBR;Métricos (seção 10.00)
Smierveda;;140x10;NBR;Métricos (seção 10.00)
Smierveda;;141x10;NBR;Métricos (seção 10.00)
Smierveda;;142x10;NBR;Métricos (seção 10.00)
Smierveda;;143x10;NBR;Métricos (seção 10.00)
Smierveda;;144x10;NBR;Métricos (seção 10.00)
Smierveda;;145x10;NBR;Métricos (seção 10.00)
Smierveda;;146x10;NBR;Métricos (seção 10.00)
Smierveda;;147x10;NBR;Métricos (seção 10.00)
Smierveda;;148x10;NBR;Métricos (seção 10.00)
Smierveda;;149x10;NBR;Métricos (seção 10.00)
Smierveda;;150x10;NBR;Métricos (seção 10.00)
Smierveda;;151x10;NBR;Métricos (seção 10.00)
Smierveda;;152x10;NBR;Métricos (seção 10.00)
Smierveda;;153x10;NBR;Métricos (seção 10.00)
Smierveda;;154x10;NBR;Métricos (seção 10.00)
Smierveda;;155x10;NBR;Métricos (seção 10.00)
Smierveda;;156x10;NBR;Métricos (seção 10.00)
Smierveda;;157x10;NBR;Métricos (seção 10.00)
Smierveda;;158x10;NBR;Métricos (seção 10.00)
Smierveda;;159x10;NBR;Métricos (seção 10.00)
Smierveda;;160x10;NBR;Métricos (seção 10.00)
Smierveda;;161x10;NBR;Métricos (seção 10.00)
Smierveda;;162x10;NBR;Métricos (seção 10.00)
Smierveda;;163x10;NBR;Métricos (seção 10.00)
Smierveda;;164x10;NBR;Métricos (seção 10.00)
Smierveda;;165x10;NBR;Métricos (seção 10.00)
Smierveda;;166x10;NBR;Métricos (seção 10.00)
Smierveda;;167x10;NBR;Métricos (seção 10.00)
Smierveda;;168x10;NBR;Métricos (seção 10.00)
Smierveda;;169x10;NBR;Métricos (seção 10.00)
Smierveda;;170x10;NBR;Métricos (seção 10.00)
Smierveda;;171x10;NBR;Métricos (seção 10.00)
Smierveda;;172x10;NBR;Métricos (seção 10.00)
Smierveda;;173x10;NBR;Métricos (seção 10.00)
Smierveda;;174x10;NBR;Métricos (seção 10.00)
Smierveda;;175x10;NBR;Métricos (seção 10.00)
Smierveda;;176x10;NBR;Métricos (seção 10.00)
Smierveda;;177x10;NBR;Métricos (seção 10.00)
Smierveda;;178x10;NBR;Métricos (seção 10.00)
Smierveda;;179x10;NBR;Métricos (seção 10.00)
Smierveda;;180x10;NBR;Métricos (seção 10.00)
Smierveda;;181x10;NBR;Métricos (seção 10.00)
Smierveda;;182x10;NBR;Métricos (seção 10.00)
Smierveda;;183x10;NBR;Métricos (seção 10.00)
Smierveda;;184x10;NBR;Métricos (seção 10.00)
Smierveda;;185x10;NBR;Métricos (seção 10.00)
Smierveda;;186x10;NBR;Métricos (seção 10.00)
Smierveda;;187x10;NBR;Métricos (seção 10.00)
Smierveda;;188x10;NBR;Métricos (seção 10.00)
Smierveda;;189x10;NBR;Métricos (seção 10.00)
Smierveda;;190x10;NBR;Métricos (seção 10.00)
Smierveda;;191x10;NBR;Métricos (seção 10.00)
Smierveda;;192x10;NBR;Métricos (seção 10.00)
Smierveda;;193x10;NBR;Métricos (seção 10.00)
Smierveda;;194x10;NBR;Métricos (seção 10.00)
Smierveda;;195x10;NBR;Métricos (seção 10.00)
Smierveda;;196x10;NBR;Métricos (seção 10.00)
Smierveda;;197x10;NBR;Métricos (seção 10.00)
Smierveda;;198x10;NBR;Métricos (seção 10.00)
Smierveda;;199x10;NBR;Métricos (seção 10.00)
Smierveda;;200x10;NBR;Métricos (seção 10.00)
Smierveda;;201x10;NBR;Métricos (seção 10.00)
Smierveda;;202x10;NBR;Métricos (seção 10.00)
Smierveda;;203x10;NBR;Métricos (seção 10.00)
Smierveda;;204x10;NBR;Métricos (seção 10.00)
Smierveda;;205x10;NBR;Métricos (seção 10.00)
Smierveda;;206x10;NBR;Métricos (seção 10.00)
Smierveda;;207x10;NBR;Métricos (seção 10.00)
Smierveda;;208x10;NBR;Métricos (seção 10.00)
Smierveda;;209x10;NBR;Métricos (seção 10.00)
Smierveda;;210x10;NBR;Métricos (seção 10.00)
Smierveda;;211x10;NBR;Métricos (seção 10.00)
Smierveda;;212x10;NBR;Métricos (seção 10.00)
Smierveda;;213x10;NBR;Métricos (seção 10.00)
Smierveda;;214x10;NBR;Métricos (seção 10.00)
Smierveda;;215x10;NBR;Métricos (seção 10.00)
Smierveda;;216x10;NBR;Métricos (seção 10.00)
Smierveda;;217x10;NBR;Métricos (seção 10.00)
Smierveda;;218x10;NBR;Métricos (seção 10.00)
Smierveda;;219x10;NBR;Métricos (seção 10.00)
Smierveda;;220x10;NBR;Métricos (seção 10.00)
Smierveda;;221x10;NBR;Métricos (seção 10.00)
Smierveda;;222x10;NBR;Métricos (seção 10.00)
Smierveda;;223x10;NBR;Métricos (seção 10.00)
Smierveda;;224x10;NBR;Métricos (seção 10.00)
Smierveda;;225x10;NBR;Métricos (seção 10.00)
Smierveda;;226x10;NBR;Métricos (seção 10.00)
Smierveda;;227x10;NBR;Métricos (seção 10.00)
Smierveda;;228x10;NBR;Métricos (seção 10.00)
Smierveda;;229x10;NBR;Métricos (seção 10.00)
Smierveda;;230x10;NBR;Métricos (seção 10.00)
Smierveda;;231x10;NBR;Métricos (seção 10.00)
Smierveda;;232x10;NBR;Métricos (seção 10.00)
Smierveda;;233x10;NBR;Métricos (seção 10.00)
Smierveda;;234x10;NBR;Métricos (seção 10.00)
Smierveda;;235x10;NBR;Métricos (seção 10.00)
Smierveda;;236x10;NBR;Métricos (seção 10.00)
Smierveda;;237x10;NBR;Métricos (seção 10.00)
Smierveda;;238x10;NBR;Métricos (seção 10.00)
Smierveda;;239x10;NBR;Métricos (seção 10.00)
Smierveda;;240x10;NBR;Métricos (seção 10.00)
Smierveda;;241x10;NBR;Métricos (seção 10.00)
Smierveda;;242x10;NBR;Métricos (seção 10.00)
Smierveda;;243x10;NBR;Métricos (seção 10.00)
Smierveda;;244x10;NBR;Métricos (seção 10.00)
Smierveda;;245x10;NBR;Métricos (seção 10.00)
Smierveda;;246x10;NBR;Métricos (seção 10.00)
Smierveda;;247x10;NBR;Métricos (seção 10.00)
Smierveda;;248x10;NBR;Métricos (seção 10.00)
Smierveda;;249x10;NBR;Métricos (seção 10.00)
Smierveda;;250x10;NBR;Métricos (seção 10.00)
Smierveda;;251x10;NBR;Métricos (seção 10.00)
Smierveda;;252x10;NBR;Métricos (seção 10.00)
Smierveda;;253x10;NBR;Métricos (seção 10.00)
Smierveda;;254x10;NBR;Métricos (seção 10.00)
Smierveda;;255x10;NBR;Métricos (seção 10.00)
Smierveda;;256x10;NBR;Métricos (seção 10.00)
Smierveda;;257x10;NBR;Métricos (seção 10.00)
Smierveda;;258x10;NBR;Métricos (seção 10.00)
Smierveda;;259x10;NBR;Métricos (seção 10.00)
Smierveda;;260x10;NBR;Métricos (seção 10.00)
Smierveda;;261x10;NBR;Métricos (seção 10.00)
Smierveda;;262x10;NBR;Métricos (seção 10.00)
Smierveda;;263x10;NBR;Métricos (seção 10.00)
Smierveda;;264x10;NBR;Métricos (seção 10.00)
Smierveda;;265x10;NBR;Métricos (seção 10.00)
Smierveda;;266x10;NBR;Métricos (seção 10.00)
Smierveda;;267x10;NBR;Métricos (seção 10.00)
Smierveda;;268x10;NBR;Métricos (seção 10.00)
Smierveda;;269x10;NBR;Métricos (seção 10.00)
Smierveda;;270x10;NBR;Métricos (seção 10.00)
Smierveda;;271x10;NBR;Métricos (seção 10.00)
Smierveda;;272x10;NBR;Métricos (seção 10.00)
Smierveda;;273x10;NBR;Métricos (seção 10.00)
Smierveda;;274x10;NBR;Métricos (seção 10.00)
Smierveda;;275x10;NBR;Métricos (seção 10.00)
Smierveda;;276x10;NBR;Métricos (seção 10.00)
Smierveda;;277x10;NBR;Métricos (seção 10.00)
Smierveda;;278x10;NBR;Métricos (seção 10.00)
Smierveda;;279x10;NBR;Métricos (seção 10.00)
Smierveda;;280x10;NBR;Métricos (seção 10.00)
Smierveda;;281x10;NBR;Métricos (seção 10.00)
Smierveda;;282x10;NBR;Métricos (seção 10.00)
Smierveda;;283x10;NBR;Métricos (seção 10.00)
Smierveda;;284x10;NBR;Métricos (seção 10.00)
Smierveda;;285x10;NBR;Métricos (seção 10.00)
Smierveda;;286x10;NBR;Métricos (seção 10.00)
Smierveda;;287x10;NBR;Métricos (seção 10.00)
Smierveda;;288x10;NBR;Métricos (seção 10.00)
Smierveda;;289x10;NBR;Métricos (seção 10.00)
Smierveda;;290x10;NBR;Métricos (seção 10.00)
Smierveda;;291x10;NBR;Métricos (seção 10.00)
Smierveda;;292x10;NBR;Métricos (seção 10.00)
Smierveda;;293x10;NBR;Métricos (seção 10.00)
Smierveda;;294x10;NBR;Métricos (seção 10.00)
Smierveda;;295x10;NBR;Métricos (seção 10.00)
Smierveda;;296x10;NBR;Métricos (seção 10.00)
Smierveda;;297x10;NBR;Métricos (seção 10.00)
Smierveda;;298x10;NBR;Métricos (seção 10.00)
Smierveda;;299x10;NBR;Métricos (seção 10.00)
Smierveda;;300x10;NBR;Métricos (seção 10.00)
Smierveda;;301x10;NBR;Métricos (seção 10.00)
Smierveda;;302x10;NBR;Métricos (seção 10.00)
Smierveda;;303x10;NBR;Métricos (seção 10.00)
Smierveda;;304x10;NBR;Métricos (seção 10.00)
Smierveda;;305x10;NBR;Métricos (seção 10.00)
Smierveda;;306x10;NBR;Métricos (seção 10.00)
Smierveda;;307x10;NBR;Métricos (seção 10.00)
Smierveda;;308x10;NBR;Métricos (seção 10.00)
Smierveda;;309x10;NBR;Métricos (seção 10.00)
Smierveda;;310x10;NBR;Métricos (seção 10.00)
Smierveda;;311x10;NBR;Métricos (seção 10.00)
Smierveda;;312x10;NBR;Métricos (seção 10.00)
Smierveda;;313x10;NBR;Métricos (seção 10.00)
Smierveda;;314x10;NBR;Métricos (seção 10.00)
Smierveda;;315x10;NBR;Métricos (seção 10.00)
Smierveda;;316x10;NBR;Métricos (seção 10.00)
Smierveda;;317x10;NBR;Métricos (seção 10.00)
Smierveda;;318x10;NBR;Métricos (seção 10.00)
Smierveda;;319x10;NBR;Métricos (seção 10.00)
Smierveda;;320x10;NBR;Métricos (seção 10.00)
Smierveda;;321x10;NBR;Métricos (seção 10.00)
Smierveda;;322x10;NBR;Métricos (seção 10.00)
Smierveda;;323x10;NBR;Métricos (seção 10.00)
Smierveda;;324x10;NBR;Métricos (seção 10.00)
Smierveda;;325x10;NBR;Métricos (seção 10.00)
Smierveda;;326x10;NBR;Métricos (seção 10.00)
Smierveda;;327x10;NBR;Métricos (seção 10.00)
Smierveda;;328x10;NBR;Métricos (seção 10.00)
Smierveda;;329x10;NBR;Métricos (seção 10.00)
Smierveda;;330x10;NBR;Métricos (seção 10.00)
Smierveda;;331x10;NBR;Métricos (seção 10.00)
Smierveda;;332x10;NBR;Métricos (seção 10.00)
Smierveda;;333x10;NBR;Métricos (seção 10.00)
Smierveda;;334x10;NBR;Métricos (seção 10.00)
Smierveda;;335x10;NBR;Métricos (seção 10.00)
Smierveda;;336x10;NBR;Métricos (seção 10.00)
Smierveda;;337x10;NBR;Métricos (seção 10.00)
Smierveda;;338x10;NBR;Métricos (seção 10.00)
Smierveda;;339x10;NBR;Métricos (seção 10.00)
Smierveda;;340x10;NBR;Métricos (seção 10.00)
Smierveda;;341x10;NBR;Métricos (seção 10.00)
Smierveda;;342x10;NBR;Métricos (seção 10.00)
Smierveda;;343x10;NBR;Métricos (seção 10.00)
Smierveda;;344x10;NBR;Métricos (seção 10.00)
Smierveda;;345x10;NBR;Métricos (seção 10.00)
Smierveda;;346x10;NBR;Métricos (seção 10.00)
Smierveda;;347x10;NBR;Métricos (seção 10.00)
Smierveda;;348x10;NBR;Métricos (seção 10.00)
Smierveda;;349x10;NBR;Métricos (seção 10.00)
Smierveda;;350x10;NBR;Métricos (seção 10.00)
Smierveda;;351x10;NBR;Métricos (seção 10.00)
Smierveda;;352x10;NBR;Métricos (seção 10.00)
Smierveda;;353x10;NBR;Métricos (seção 10.00)
Smierveda;;354x10;NBR;Métricos (seção 10.00)
Smierveda;;355x10;NBR;Métricos (seção 10.00)
Smierveda;;356x10;NBR;Métricos (seção 10.00)
Smierveda;;357x10;NBR;Métricos (seção 10.00)
Smierveda;;358x10;NBR;Métricos (seção 10.00)
Smierveda;;359x10;NBR;Métricos (seção 10.00)
Smierveda;;360x10;NBR;Métricos (seção 10.00)
Smierveda;;361x10;NBR;Métricos (seção 10.00)
Smierveda;;362x10;NBR;Métricos (seção 10.00)
Smierveda;;363x10;NBR;Métricos (seção 10.00)
Smierveda;;364x10;NBR;Métricos (seção 10.00)
Smierveda;;365x10;NBR;Métricos (seção 10.00)
Smierveda;;366x10;NBR;Métricos (seção 10.00)
Smierveda;;367x10;NBR;Métricos (seção 10.00)
Smierveda;;368x10;NBR;Métricos (seção 10.00)
Smierveda;;369x10;NBR;Métricos (seção 10.00)
Smierveda;;370x10;NBR;Métricos (seção 10.00)
Smierveda;;371x10;NBR;Métricos (seção 10.00)
Smierveda;;372x10;NBR;Métricos (seção 10.00)
Smierveda;;373x10;NBR;Métricos (seção 10.00)
Smierveda;;374x10;NBR;Métricos (seção 10.00)
Smierveda;;375x10;NBR;Métricos (seção 10.00)
Smierveda;;376x10;NBR;Métricos (seção 10.00)
Smierveda;;377x10;NBR;Métricos (seção 10.00)
Smierveda;;378x10;NBR;Métricos (seção 10.00)
Smierveda;;379x10;NBR;Métricos (seção 10.00)
Smierveda;;380x10;NBR;Métricos (seção 10.00)
Smierveda;;381x10;NBR;Métricos (seção 10.00)
Smierveda;;382x10;NBR;Métricos (seção 10.00)
Smierveda;;383x10;NBR;Métricos (seção 10.00)
Smierveda;;384x10;NBR;Métricos (seção 10.00)
Smierveda;;385x10;NBR;Métricos (seção 10.00)
Smierveda;;386x10;NBR;Métricos (seção 10.00)
Smierveda;;387x10;NBR;Métricos (seção 10.00)
Smierveda;;388x10;NBR;Métricos (seção 10.00)
Smierveda;;389x10;NBR;Métricos (seção 10.00)
Smierveda;;390x10;NBR;Métricos (seção 10.00)
Smierveda;;391x10;NBR;Métricos (seção 10.00)
Smierveda;;392x10;NBR;Métricos (seção 10.00)
Smierveda;;393x10;NBR;Métricos (seção 10.00)
Smierveda;;394x10;NBR;Métricos (seção 10.00)
Smierveda;;395x10;NBR;Métricos (seção 10.00)
Smierveda;;396x10;NBR;Métricos (seção 10.00)
Smierveda;;397x10;NBR;Métricos (seção 10.00)
Smierveda;;398x10;NBR;Métricos (seção 10.00)
Smierveda;;399x10;NBR;Métricos (seção 10.00)
Smierveda;;400x10;NBR;Métricos (seção 10.00)
Smierveda;;401x10;NBR;Métricos (seção 10.00)
Smierveda;;403x10;NBR;Métricos (seção 10.00)
Smierveda;;405x10;NBR;Métricos (seção 10.00)
Smierveda;;407x10;NBR;Métricos (seção 10.00)
Smierveda;;409x10;NBR;Métricos (seção 10.00)
Smierveda;;411x10;NBR;Métricos (seção 10.00)
Smierveda;;413x10;NBR;Métricos (seção 10.00)
Smierveda;;415x10;NBR;Métricos (seção 10.00)
Smierveda;;417x10;NBR;Métricos (seção 10.00)
Smierveda;;419x10;NBR;Métricos (seção 10.00)
Smierveda;;421x10;NBR;Métricos (seção 10.00)
Smierveda;;423x10;NBR;Métricos (seção 10.00)
Smierveda;;425x10;NBR;Métricos (seção 10.00)
Smierveda;;427x10;NBR;Métricos (seção 10.00)
Smierveda;;429x10;NBR;Métricos (seção 10.00)
Smierveda;;431x10;NBR;Métricos (seção 10.00)
Smierveda;;433x10;NBR;Métricos (seção 10.00)
Smierveda;;435x10;NBR;Métricos (seção 10.00)
Smierveda;;437x10;NBR;Métricos (seção 10.00)
Smierveda;;439x10;NBR;Métricos (seção 10.00)
Smierveda;;441x10;NBR;Métricos (seção 10.00)
Smierveda;;443x10;NBR;Métricos (seção 10.00)
Smierveda;;445x10;NBR;Métricos (seção 10.00)
Smierveda;;447x10;NBR;Métricos (seção 10.00)
Smierveda;;449x10;NBR;Métricos (seção 10.00)
Smierveda;;451x10;NBR;Métricos (seção 10.00)
Smierveda;;453x10;NBR;Métricos (seção 10.00)
Smierveda;;455x10;NBR;Métricos (seção 10.00)
Smierveda;;457x10;NBR;Métricos (seção 10.00)
Smierveda;;459x10;NBR;Métricos (seção 10.00)
Smierveda;;461x10;NBR;Métricos (seção 10.00)
Smierveda;;463x10;NBR;Métricos (seção 10.00)
Smierveda;;465x10;NBR;Métricos (seção 10.00)
Smierveda;;467x10;NBR;Métricos (seção 10.00)
Smierveda;;469x10;NBR;Métricos (seção 10.00)
Smierveda;;471x10;NBR;Métricos (seção 10.00)
Smierveda;;473x10;NBR;Métricos (seção 10.00)
Smierveda;;475x10;NBR;Métricos (seção 10.00)
Smierveda;;477x10;NBR;Métricos (seção 10.00)
Smierveda;;479x10;NBR;Métricos (seção 10.00)
Smierveda;;481x10;NBR;Métricos (seção 10.00)
Smierveda;;483x10;NBR;Métricos (seção 10.00)
Smierveda;;485x10;NBR;Métricos (seção 10.00)
Smierveda;;487x10;NBR;Métricos (seção 10.00)
Smierveda;;489x10;NBR;Métricos (seção 10.00)
Smierveda;;491x10;NBR;Métricos (seção 10.00)
Smierveda;;493x10;NBR;Métricos (seção 10.00)
Smierveda;;495x10;NBR;Métricos (seção 10.00)
Smierveda;;497x10;NBR;Métricos (seção 10.00)
Smierveda;;499x10;NBR;Métricos (seção 10.00)
Smierveda;;501x10;NBR;Métricos (seção 10.00)
Smierveda;;503x10;NBR;Métricos (seção 10.00)
Smierveda;;505x10;NBR;Métricos (seção 10.00)
Smierveda;;507x10;NBR;Métricos (seção 10.00)
Smierveda;;509x10;NBR;Métricos (seção 10.00)
Smierveda;;511x10;NBR;Métricos (seção 10.00)
Smierveda;;513x10;NBR;Métricos (seção 10.00)
Smierveda;;515x10;NBR;Métricos (seção 10.00)
Smierveda;;517x10;NBR;Métricos (seção 10.00)
Smierveda;;519x10;NBR;Métricos (seção 10.00)
Smierveda;;521x10;NBR;Métricos (seção 10.00)
Smierveda;;523x10;NBR;Métricos (seção 10.00)
Smierveda;;525x10;NBR;Métricos (seção 10.00)
Smierveda;;527x10;NBR;Métricos (seção 10.00)
Smierveda;;529x10;NBR;Métricos (seção 10.00)
Smierveda;;531x10;NBR;Métricos (seção 10.00)
Smierveda;;533x10;NBR;Métricos (seção 10.00)
Smierveda;;535x10;NBR;Métricos (seção 10.00)
Smierveda;;537x10;NBR;Métricos (seção 10.00)
Smierveda;;539x10;NBR;Métricos (seção 10.00)
Smierveda;;541x10;NBR;Métricos (seção 10.00)
Smierveda;;543x10;NBR;Métricos (seção 10.00)
Smierveda;;545x10;NBR;Métricos (seção 10.00)
Smierveda;;547x10;NBR;Métricos (seção 10.00)
Smierveda;;549x10;NBR;Métricos (seção 10.00)
Smierveda;;551x10;NBR;Métricos (seção 10.00)
Smierveda;;553x10;NBR;Métricos (seção 10.00)
Smierveda;;555x10;NBR;Métricos (seção 10.00)
Smierveda;;557x10;NBR;Métricos (seção 10.00)
Smierveda;;559x10;NBR;Métricos (seção 10.00)
Smierveda;;561x10;NBR;Métricos (seção 10.00)
Smierveda;;563x10;NBR;Métricos (seção 10.00)
Smierveda;;565x10;NBR;Métricos (seção 10.00)
Smierveda;;567x10;NBR;Métricos (seção 10.00)
Smierveda;;569x10;NBR;Métricos (seção 10.00)
Smierveda;;571x10;NBR;Métricos (seção 10.00)
Smierveda;;573x10;NBR;Métricos (seção 10.00)
Smierveda;;575x10;NBR;Métricos (seção 10.00)
Smierveda;;577x10;NBR;Métricos (seção 10.00)
Smierveda;;579x10;NBR;Métricos (seção 10.00)
Smierveda;;581x10;NBR;Métricos (seção 10.00)
Smierveda;;583x10;NBR;Métricos (seção 10.00)
Smierveda;;585x10;NBR;Métricos (seção 10.00)
Smierveda;;587x10;NBR;Métricos (seção 10.00)
Smierveda;;589x10;NBR;Métricos (seção 10.00)
Smierveda;;591x10;NBR;Métricos (seção 10.00)
Smierveda;;593x10;NBR;Métricos (seção 10.00)
Smierveda;;595x10;NBR;Métricos (seção 10.00)
Smierveda;;597x10;NBR;Métricos (seção 10.00)
Smierveda;;599x10;NBR;Métricos (seção 10.00)
Smierveda;;600x10;NBR;Métricos (seção 10.00)
Smierveda;;605x10;NBR;Métricos (seção 10.00)
Smierveda;;610x10;NBR;Métricos (seção 10.00)
Smierveda;;615x10;NBR;Métricos (seção 10.00)
Smierveda;;620x10;NBR;Métricos (seção 10.00)
Smierveda;;1x2;NBR;Métricos (seção 2.00)
Smierveda;;2x2;NBR;Métricos (seção 2.00)
Smierveda;;3x2;NBR;Métricos (seção 2.00)
Smierveda;;4x2;NBR;Métricos (seção 2.00)
Smierveda;;5x2;NBR;Métricos (seção 2.00)
Smierveda;;6x2;NBR;Métricos (seção 2.00)
Smierveda;;7x2;NBR;Métricos (seção 2.00)
Smierveda;;8x2;NBR;Métricos (seção 2.00)
Smierveda;;9x2;NBR;Métricos (seção 2.00)
Smierveda;;10x2;NBR;Métricos (seção 2.00)
Smierveda;;11x2;NBR;Métricos (seção 2.00)
Smierveda;;12x2;NBR;Métricos (seção 2.00)
Smierveda;;13x2;NBR;Métricos (seção 2.00)
Smierveda;;14x2;NBR;Métricos (seção 2.00)
Smierveda;;15x2;NBR;Métricos (seção 2.00)
Smierveda;;16x2;NBR;Métricos (seção 2.00)
Smierveda;;17x2;NBR;Métricos (seção 2.00)
Smierveda;;18x2;NBR;Métricos (seção 2.00)
Smierveda;;19x2;NBR;Métricos (seção 2.00)
Smierveda;;20x2;NBR;Métricos (seção 2.00)
Smierveda;;21x2;NBR;Métricos (seção 2.00)
Smierveda;;22x2;NBR;Métricos (seção 2.00)
Smierveda;;23x2;NBR;Métricos (seção 2.00)
Smierveda;;24x2;NBR;Métricos (seção 2.00)
Smierveda;;25x2;NBR;Métricos (seção 2.00)
Smierveda;;26x2;NBR;Métricos (seção 2.00)
Smierveda;;27x2;NBR;Métricos (seção 2.00)
Smierveda;;28x2;NBR;Métricos (seção 2.00)
Smierveda;;29x2;NBR;Métricos (seção 2.00)
Smierveda;;30x2;NBR;Métricos (seção 2.00)
Smierveda;;31x2;NBR;Métricos (seção 2.00)
Smierveda;;32x2;NBR;Métricos (seção 2.00)
Smierveda;;33x2;NBR;Métricos (seção 2.00)
Smierveda;;34x2;NBR;Métricos (seção 2.00)
Smierveda;;35x2;NBR;Métricos (seção 2.00)
Smierveda;;36x2;NBR;Métricos (seção 2.00)
Smierveda;;37x2;NBR;Métricos (seção 2.00)
Smierveda;;38x2;NBR;Métricos (seção 2.00)
Smierveda;;39x2;NBR;Métricos (seção 2.00)
Smierveda;;40x2;NBR;Métricos (seção 2.00)
Smierveda;;41x2;NBR;Métricos (seção 2.00)
Smierveda;;42x2;NBR;Métricos (seção 2.00)
Smierveda;;43x2;NBR;Métricos (seção 2.00)
Smierveda;;44x2;NBR;Métricos (seção 2.00)
Smierveda;;45x2;NBR;Métricos (seção 2.00)
Smierveda;;46x2;NBR;Métricos (seção 2.00)
Smierveda;;47x2;NBR;Métricos (seção 2.00)
Smierveda;;48x2;NBR;Métricos (seção 2.00)
Smierveda;;49x2;NBR;Métricos (seção 2.00)
Smierveda;;50x2;NBR;Métricos (seção 2.00)
Smierveda;;51x2;NBR;Métricos (seção 2.00)
Smierveda;;52x2;NBR;Métricos (seção 2.00)
Smierveda;;53x2;NBR;Métricos (seção 2.00)
Smierveda;;54x2;NBR;Métricos (seção 2.00)
Smierveda;;55x2;NBR;Métricos (seção 2.00)
Smierveda;;56x2;NBR;Métricos (seção 2.00)
Smierveda;;57x2;NBR;Métricos (seção 2.00)
Smierveda;;58x2;NBR;Métricos (seção 2.00)
Smierveda;;59x2;NBR;Métricos (seção 2.00)
Smierveda;;60x2;NBR;Métricos (seção 2.00)
Smierveda;;61x2;NBR;Métricos (seção 2.00)
Smierveda;;62x2;NBR;Métricos (seção 2.00)
Smierveda;;63x2;NBR;Métricos (seção 2.00)
Smierveda;;64x2;NBR;Métricos (seção 2.00)
Smierveda;;65x2;NBR;Métricos (seção 2.00)
Smierveda;;66x2;NBR;Métricos (seção 2.00)
Smierveda;;67x2;NBR;Métricos (seção 2.00)
Smierveda;;68x2;NBR;Métricos (seção 2.00)
Smierveda;;69x2;NBR;Métricos (seção 2.00)
Smierveda;;70x2;NBR;Métricos (seção 2.00)
Smierveda;;71x2;NBR;Métricos (seção 2.00)
Smierveda;;72x2;NBR;Métricos (seção 2.00)
Smierveda;;73x2;NBR;Métricos (seção 2.00)
Smierveda;;74x2;NBR;Métricos (seção 2.00)
Smierveda;;75x2;NBR;Métricos (seção 2.00)
Smierveda;;76x2;NBR;Métricos (seção 2.00)
Smierveda;;77x2;NBR;Métricos (seção 2.00)
Smierveda;;78x2;NBR;Métricos (seção 2.00)
Smierveda;;79x2;NBR;Métricos (seção 2.00)
Smierveda;;80x2;NBR;Métricos (seção 2.00)
Smierveda;;81x2;NBR;Métricos (seção 2.00)
Smierveda;;82x2;NBR;Métricos (seção 2.00)
Smierveda;;83x2;NBR;Métricos (seção 2.00)
Smierveda;;84x2;NBR;Métricos (seção 2.00)
Smierveda;;85x2;NBR;Métricos (seção 2.00)
Smierveda;;86x2;NBR;Métricos (seção 2.00)
Smierveda;;87x2;NBR;Métricos (seção 2.00)
Smierveda;;88x2;NBR;Métricos (seção 2.00)
Smierveda;;89x2;NBR;Métricos (seção 2.00)
Smierveda;;90x2;NBR;Métricos (seção 2.00)
Smierveda;;91x2;NBR;Métricos (seção 2.00)
Smierveda;;92x2;NBR;Métricos (seção 2.00)
Smierveda;;93x2;NBR;Métricos (seção 2.00)
Smierveda;;94x2;NBR;Métricos (seção 2.00)
Smierveda;;95x2;NBR;Métricos (seção 2.00)
Smierveda;;96x2;NBR;Métricos (seção 2.00)
Smierveda;;97x2;NBR;Métricos (seção 2.00)
Smierveda;;98x2;NBR;Métricos (seção 2.00)
Smierveda;;99x2;NBR;Métricos (seção 2.00)
Smierveda;;100x2;NBR;Métricos (seção 2.00)
Smierveda;;101x2;NBR;Métricos (seção 2.00)
Smierveda;;102x2;NBR;Métricos (seção 2.00)
Smierveda;;103x2;NBR;Métricos (seção 2.00)
Smierveda;;104x2;NBR;Métricos (seção 2.00)
Smierveda;;105x2;NBR;Métricos (seção 2.00)
Smierveda;;106x2;NBR;Métricos (seção 2.00)
Smierveda;;107x2;NBR;Métricos (seção 2.00)
Smierveda;;108x2;NBR;Métricos (seção 2.00)
Smierveda;;109x2;NBR;Métricos (seção 2.00)
Smierveda;;110x2;NBR;Métricos (seção 2.00)
Smierveda;;111x2;NBR;Métricos (seção 2.00)
Smierveda;;112x2;NBR;Métricos (seção 2.00)
Smierveda;;113x2;NBR;Métricos (seção 2.00)
Smierveda;;114x2;NBR;Métricos (seção 2.00)
Smierveda;;115x2;NBR;Métricos (seção 2.00)
Smierveda;;116x2;NBR;Métricos (seção 2.00)
Smierveda;;117x2;NBR;Métricos (seção 2.00)
Smierveda;;118x2;NBR;Métricos (seção 2.00)
Smierveda;;119x2;NBR;Métricos (seção 2.00)
Smierveda;;120x2;NBR;Métricos (seção 2.00)
Smierveda;;121x2;NBR;Métricos (seção 2.00)
Smierveda;;122x2;NBR;Métricos (seção 2.00)
Smierveda;;123x2;NBR;Métricos (seção 2.00)
Smierveda;;124x2;NBR;Métricos (seção 2.00)
Smierveda;;125x2;NBR;Métricos (seção 2.00)
Smierveda;;126x2;NBR;Métricos (seção 2.00)
Smierveda;;127x2;NBR;Métricos (seção 2.00)
Smierveda;;128x2;NBR;Métricos (seção 2.00)
Smierveda;;129x2;NBR;Métricos (seção 2.00)
Smierveda;;130x2;NBR;Métricos (seção 2.00)
Smierveda;;131x2;NBR;Métricos (seção 2.00)
Smierveda;;132x2;NBR;Métricos (seção 2.00)
Smierveda;;133x2;NBR;Métricos (seção 2.00)
Smierveda;;134x2;NBR;Métricos (seção 2.00)
Smierveda;;135x2;NBR;Métricos (seção 2.00)
Smierveda;;136x2;NBR;Métricos (seção 2.00)
Smierveda;;137x2;NBR;Métricos (seção 2.00)
Smierveda;;138x2;NBR;Métricos (seção 2.00)
Smierveda;;139x2;NBR;Métricos (seção 2.00)
Smierveda;;140x2;NBR;Métricos (seção 2.00)
Smierveda;;141x2;NBR;Métricos (seção 2.00)
Smierveda;;142x2;NBR;Métricos (seção 2.00)
Smierveda;;143x2;NBR;Métricos (seção 2.00)
Smierveda;;144x2;NBR;Métricos (seção 2.00)
Smierveda;;145x2;NBR;Métricos (seção 2.00)
Smierveda;;146x2;NBR;Métricos (seção 2.00)
Smierveda;;147x2;NBR;Métricos (seção 2.00)
Smierveda;;148x2;NBR;Métricos (seção 2.00)
Smierveda;;149x2;NBR;Métricos (seção 2.00)
Smierveda;;150x2;NBR;Métricos (seção 2.00)
Smierveda;;151x2;NBR;Métricos (seção 2.00)
Smierveda;;1x2.5;NBR;Métricos (seção 2.50)
Smierveda;;2x2.5;NBR;Métricos (seção 2.50)
Smierveda;;3x2.5;NBR;Métricos (seção 2.50)
Smierveda;;4x2.5;NBR;Métricos (seção 2.50)
Smierveda;;5x2.5;NBR;Métricos (seção 2.50)
Smierveda;;6x2.5;NBR;Métricos (seção 2.50)
Smierveda;;7x2.5;NBR;Métricos (seção 2.50)
Smierveda;;8x2.5;NBR;Métricos (seção 2.50)
Smierveda;;9x2.5;NBR;Métricos (seção 2.50)
Smierveda;;10x2.5;NBR;Métricos (seção 2.50)
Smierveda;;11x2.5;NBR;Métricos (seção 2.50)
Smierveda;;12x2.5;NBR;Métricos (seção 2.50)
Smierveda;;13x2.5;NBR;Métricos (seção 2.50)
Smierveda;;14x2.5;NBR;Métricos (seção 2.50)
Smierveda;;15x2.5;NBR;Métricos (seção 2.50)
Smierveda;;16x2.5;NBR;Métricos (seção 2.50)
Smierveda;;17x2.5;NBR;Métricos (seção 2.50)
Smierveda;;18x2.5;NBR;Métricos (seção 2.50)
Smierveda;;19x2.5;NBR;Métricos (seção 2.50)
Smierveda;;20x2.5;NBR;Métricos (seção 2.50)
Smierveda;;21x2.5;NBR;Métricos (seção 2.50)
Smierveda;;22x2.5;NBR;Métricos (seção 2.50)
Smierveda;;23x2.5;NBR;Métricos (seção 2.50)
Smierveda;;24x2.5;NBR;Métricos (seção 2.50)
Smierveda;;25x2.5;NBR;Métricos (seção 2.50)
Smierveda;;26x2.5;NBR;Métricos (seção 2.50)
Smierveda;;27x2.5;NBR;Métricos (seção 2.50)
Smierveda;;28x2.5;NBR;Métricos (seção 2.50)
Smierveda;;29x2.5;NBR;Métricos (seção 2.50)
Smierveda;;30x2.5;NBR;Métricos (seção 2.50)
Smierveda;;31x2.5;NBR;Métricos (seção 2.50)
Smierveda;;32x2.5;NBR;Métricos (seção 2.50)
Smierveda;;33x2.5;NBR;Métricos (seção 2.50)
Smierveda;;34x2.5;NBR;Métricos (seção 2.50)
Smierveda;;35x2.5;NBR;Métricos (seção 2.50)
Smierveda;;36x2.5;NBR;Métricos (seção 2.50)
Smierveda;;37x2.5;NBR;Métricos (seção 2.50)
Smierveda;;38x2.5;NBR;Métricos (seção 2.50)
Smierveda;;39x2.5;NBR;Métricos (seção 2.50)
Smierveda;;40x2.5;NBR;Métricos (seção 2.50)
Smierveda;;41x2.5;NBR;Métricos (seção 2.50)
Smierveda;;42x2.5;NBR;Métricos (seção 2.50)
Smierveda;;43x2.5;NBR;Métricos (seção 2.50)
Smierveda;;44x2.5;NBR;Métricos (seção 2.50)
Smierveda;;45x2.5;NBR;Métricos (seção 2.50)
Smierveda;;46x2.5;NBR;Métricos (seção 2.50)
Smierveda;;47x2.5;NBR;Métricos (seção 2.50)
Smierveda;;48x2.5;NBR;Métricos (seção 2.50)
Smierveda;;49x2.5;NBR;Métricos (seção 2.50)
Smierveda;;50x2.5;NBR;Métricos (seção 2.50)
Smierveda;;51x2.5;NBR;Métricos (seção 2.50)
Smierveda;;52x2.5;NBR;Métricos (seção 2.50)
Smierveda;;53x2.5;NBR;Métricos (seção 2.50)
Smierveda;;54x2.5;NBR;Métricos (seção 2.50)
Smierveda;;55x2.5;NBR;Métricos (seção 2.50)
Smierveda;;56x2.5;NBR;Métricos (seção 2.50)
Smierveda;;57x2.5;NBR;Métricos (seção 2.50)
Smierveda;;58x2.5;NBR;Métricos (seção 2.50)
Smierveda;;59x2.5;NBR;Métricos (seção 2.50)
Smierveda;;60x2.5;NBR;Métricos (seção 2.50)
Smierveda;;61x2.5;NBR;Métricos (seção 2.50)
Smierveda;;62x2.5;NBR;Métricos (seção 2.50)
Smierveda;;63x2.5;NBR;Métricos (seção 2.50)
Smierveda;;64x2.5;NBR;Métricos (seção 2.50)
Smierveda;;65x2.5;NBR;Métricos (seção 2.50)
Smierveda;;66x2.5;NBR;Métricos (seção 2.50)
Smierveda;;67x2.5;NBR;Métricos (seção 2.50)
Smierveda;;68x2.5;NBR;Métricos (seção 2.50)
Smierveda;;69x2.5;NBR;Métricos (seção 2.50)
Smierveda;;70x2.5;NBR;Métricos (seção 2.50)
Smierveda;;71x2.5;NBR;Métricos (seção 2.50)
Smierveda;;72x2.5;NBR;Métricos (seção 2.50)
Smierveda;;73x2.5;NBR;Métricos (seção 2.50)
Smierveda;;74x2.5;NBR;Métricos (seção 2.50)
Smierveda;;75x2.5;NBR;Métricos (seção 2.50)
Smierveda;;76x2.5;NBR;Métricos (seção 2.50)
Smierveda;;77x2.5;NBR;Métricos (seção 2.50)
Smierveda;;78x2.5;NBR;Métricos (seção 2.50)
Smierveda;;79x2.5;NBR;Métricos (seção 2.50)
Smierveda;;80x2.5;NBR;Métricos (seção 2.50)
Smierveda;;81x2.5;NBR;Métricos (seção 2.50)
Smierveda;;82x2.5;NBR;Métricos (seção 2.50)
Smierveda;;83x2.5;NBR;Métricos (seção 2.50)
Smierveda;;84x2.5;NBR;Métricos (seção 2.50)
Smierveda;;85x2.5;NBR;Métricos (seção 2.50)
Smierveda;;86x2.5;NBR;Métricos (seção 2.50)
Smierveda;;87x2.5;NBR;Métricos (seção 2.50)
Smierveda;;88x2.5;NBR;Métricos (seção 2.50)
Smierveda;;89x2.5;NBR;Métricos (seção 2.50)
Smierveda;;90x2.5;NBR;Métricos (seção 2.50)
Smierveda;;91x2.5;NBR;Métricos (seção 2.50)
Smierveda;;92x2.5;NBR;Métricos (seção 2.50)
Smierveda;;93x2.5;NBR;Métricos (seção 2.50)
Smierveda;;94x2.5;NBR;Métricos (seção 2.50)
Smierveda;;95x2.5;NBR;Métricos (seção 2.50)
Smierveda;;96x2.5;NBR;Métricos (seção 2.50)
Smierveda;;97x2.5;NBR;Métricos (seção 2.50)
Smierveda;;98x2.5;NBR;Métricos (seção 2.50)
Smierveda;;99x2.5;NBR;Métricos (seção 2.50)
Smierveda;;100x2.5;NBR;Métricos (seção 2.50)
Smierveda;;101x2.5;NBR;Métricos (seção 2.50)
Smierveda;;102x2.5;NBR;Métricos (seção 2.50)
Smierveda;;103x2.5;NBR;Métricos (seção 2.50)
Smierveda;;104x2.5;NBR;Métricos (seção 2.50)
Smierveda;;105x2.5;NBR;Métricos (seção 2.50)
Smierveda;;106x2.5;NBR;Métricos (seção 2.50)
Smierveda;;107x2.5;NBR;Métricos (seção 2.50)
Smierveda;;108x2.5;NBR;Métricos (seção 2.50)
Smierveda;;109x2.5;NBR;Métricos (seção 2.50)
Smierveda;;110x2.5;NBR;Métricos (seção 2.50)
Smierveda;;111x2.5;NBR;Métricos (seção 2.50)
Smierveda;;112x2.5;NBR;Métricos (seção 2.50)
Smierveda;;113x2.5;NBR;Métricos (seção 2.50)
Smierveda;;114x2.5;NBR;Métricos (seção 2.50)
Smierveda;;115x2.5;NBR;Métricos (seção 2.50)
Smierveda;;116x2.5;NBR;Métricos (seção 2.50)
Smierveda;;117x2.5;NBR;Métricos (seção 2.50)
Smierveda;;118x2.5;NBR;Métricos (seção 2.50)
Smierveda;;119x2.5;NBR;Métricos (seção 2.50)
Smierveda;;120x2.5;NBR;Métricos (seção 2.50)
Smierveda;;121x2.5;NBR;Métricos (seção 2.50)
Smierveda;;122x2.5;NBR;Métricos (seção 2.50)
Smierveda;;123x2.5;NBR;Métricos (seção 2.50)
Smierveda;;124x2.5;NBR;Métricos (seção 2.50)
Smierveda;;125x2.5;NBR;Métricos (seção 2.50)
Smierveda;;126x2.5;NBR;Métricos (seção 2.50)
Smierveda;;127x2.5;NBR;Métricos (seção 2.50)
Smierveda;;128x2.5;NBR;Métricos (seção 2.50)
Smierveda;;129x2.5;NBR;Métricos (seção 2.50)
Smierveda;;130x2.5;NBR;Métricos (seção 2.50)
Smierveda;;131x2.5;NBR;Métricos (seção 2.50)
Smierveda;;132x2.5;NBR;Métricos (seção 2.50)
Smierveda;;133x2.5;NBR;Métricos (seção 2.50)
Smierveda;;134x2.5;NBR;Métricos (seção 2.50)
Smierveda;;135x2.5;NBR;Métricos (seção 2.50)
Smierveda;;136x2.5;NBR;Métricos (seção 2.50)
Smierveda;;137x2.5;NBR;Métricos (seção 2.50)
Smierveda;;138x2.5;NBR;Métricos (seção 2.50)
Smierveda;;139x2.5;NBR;Métricos (seção 2.50)
Smierveda;;140x2.5;NBR;Métricos (seção 2.50)
Smierveda;;141x2.5;NBR;Métricos (seção 2.50)
Smierveda;;142x2.5;NBR;Métricos (seção 2.50)
Smierveda;;143x2.5;NBR;Métricos (seção 2.50)
Smierveda;;144x2.5;NBR;Métricos (seção 2.50)
Smierveda;;145x2.5;NBR;Métricos (seção 2.50)
Smierveda;;146x2.5;NBR;Métricos (seção 2.50)
Smierveda;;147x2.5;NBR;Métricos (seção 2.50)
Smierveda;;148x2.5;NBR;Métricos (seção 2.50)
Smierveda;;149x2.5;NBR;Métricos (seção 2.50)
Smierveda;;150x2.5;NBR;Métricos (seção 2.50)
Smierveda;;151x2.5;NBR;Métricos (seção 2.50)
Smierveda;;152x2.5;NBR;Métricos (seção 2.50)
Smierveda;;153x2.5;NBR;Métricos (seção 2.50)
Smierveda;;154x2.5;NBR;Métricos (seção 2.50)
Smierveda;;155x2.5;NBR;Métricos (seção 2.50)
Smierveda;;156x2.5;NBR;Métricos (seção 2.50)
Smierveda;;157x2.5;NBR;Métricos (seção 2.50)
Smierveda;;158x2.5;NBR;Métricos (seção 2.50)
Smierveda;;159x2.5;NBR;Métricos (seção 2.50)
Smierveda;;160x2.5;NBR;Métricos (seção 2.50)
Smierveda;;161x2.5;NBR;Métricos (seção 2.50)
Smierveda;;162x2.5;NBR;Métricos (seção 2.50)
Smierveda;;163x2.5;NBR;Métricos (seção 2.50)
Smierveda;;164x2.5;NBR;Métricos (seção 2.50)
Smierveda;;165x2.5;NBR;Métricos (seção 2.50)
Smierveda;;166x2.5;NBR;Métricos (seção 2.50)
Smierveda;;167x2.5;NBR;Métricos (seção 2.50)
Smierveda;;168x2.5;NBR;Métricos (seção 2.50)
Smierveda;;169x2.5;NBR;Métricos (seção 2.50)
Smierveda;;170x2.5;NBR;Métricos (seção 2.50)
Smierveda;;171x2.5;NBR;Métricos (seção 2.50)
Smierveda;;172x2.5;NBR;Métricos (seção 2.50)
Smierveda;;173x2.5;NBR;Métricos (seção 2.50)
Smierveda;;174x2.5;NBR;Métricos (seção 2.50)
Smierveda;;175x2.5;NBR;Métricos (seção 2.50)
Smierveda;;176x2.5;NBR;Métricos (seção 2.50)
Smierveda;;177x2.5;NBR;Métricos (seção 2.50)
Smierveda;;178x2.5;NBR;Métricos (seção 2.50)
Smierveda;;179x2.5;NBR;Métricos (seção 2.50)
Smierveda;;180x2.5;NBR;Métricos (seção 2.50)
Smierveda;;181x2.5;NBR;Métricos (seção 2.50)
Smierveda;;182x2.5;NBR;Métricos (seção 2.50)
Smierveda;;183x2.5;NBR;Métricos (seção 2.50)
Smierveda;;184x2.5;NBR;Métricos (seção 2.50)
Smierveda;;185x2.5;NBR;Métricos (seção 2.50)
Smierveda;;186x2.5;NBR;Métricos (seção 2.50)
Smierveda;;187x2.5;NBR;Métricos (seção 2.50)
Smierveda;;188x2.5;NBR;Métricos (seção 2.50)
Smierveda;;189x2.5;NBR;Métricos (seção 2.50)
Smierveda;;190x2.5;NBR;Métricos (seção 2.50)
Smierveda;;191x2.5;NBR;Métricos (seção 2.50)
Smierveda;;192x2.5;NBR;Métricos (seção 2.50)
Smierveda;;193x2.5;NBR;Métricos (seção 2.50)
Smierveda;;194x2.5;NBR;Métricos (seção 2.50)
Smierveda;;195x2.5;NBR;Métricos (seção 2.50)
Smierveda;;196x2.5;NBR;Métricos (seção 2.50)
Smierveda;;197x2.5;NBR;Métricos (seção 2.50)
Smierveda;;198x2.5;NBR;Métricos (seção 2.50)
Smierveda;;199x2.5;NBR;Métricos (seção 2.50)
Smierveda;;200x2.5;NBR;Métricos (seção 2.50)
Smierveda;;201x2.5;NBR;Métricos (seção 2.50)
Smierveda;;202x2.5;NBR;Métricos (seção 2.50)
Smierveda;;203x2.5;NBR;Métricos (seção 2.50)
Smierveda;;204x2.5;NBR;Métricos (seção 2.50)
Smierveda;;205x2.5;NBR;Métricos (seção 2.50)
Smierveda;;206x2.5;NBR;Métricos (seção 2.50)
Smierveda;;207x2.5;NBR;Métricos (seção 2.50)
Smierveda;;208x2.5;NBR;Métricos (seção 2.50)
Smierveda;;209x2.5;NBR;Métricos (seção 2.50)
Smierveda;;210x2.5;NBR;Métricos (seção 2.50)
Smierveda;;211x2.5;NBR;Métricos (seção 2.50)
Smierveda;;212x2.5;NBR;Métricos (seção 2.50)
Smierveda;;213x2.5;NBR;Métricos (seção 2.50)
Smierveda;;214x2.5;NBR;Métricos (seção 2.50)
Smierveda;;215x2.5;NBR;Métricos (seção 2.50)
Smierveda;;216x2.5;NBR;Métricos (seção 2.50)
Smierveda;;217x2.5;NBR;Métricos (seção 2.50)
Smierveda;;218x2.5;NBR;Métricos (seção 2.50)
Smierveda;;219x2.5;NBR;Métricos (seção 2.50)
Smierveda;;220x2.5;NBR;Métricos (seção 2.50)
Smierveda;;221x2.5;NBR;Métricos (seção 2.50)
Smierveda;;222x2.5;NBR;Métricos (seção 2.50)
Smierveda;;223x2.5;NBR;Métricos (seção 2.50)
Smierveda;;224x2.5;NBR;Métricos (seção 2.50)
Smierveda;;225x2.5;NBR;Métricos (seção 2.50)
Smierveda;;226x2.5;NBR;Métricos (seção 2.50)
Smierveda;;227x2.5;NBR;Métricos (seção 2.50)
Smierveda;;228x2.5;NBR;Métricos (seção 2.50)
Smierveda;;229x2.5;NBR;Métricos (seção 2.50)
Smierveda;;230x2.5;NBR;Métricos (seção 2.50)
Smierveda;;231x2.5;NBR;Métricos (seção 2.50)
Smierveda;;232x2.5;NBR;Métricos (seção 2.50)
Smierveda;;233x2.5;NBR;Métricos (seção 2.50)
Smierveda;;234x2.5;NBR;Métricos (seção 2.50)
Smierveda;;235x2.5;NBR;Métricos (seção 2.50)
Smierveda;;236x2.5;NBR;Métricos (seção 2.50)
Smierveda;;237x2.5;NBR;Métricos (seção 2.50)
Smierveda;;238x2.5;NBR;Métricos (seção 2.50)
Smierveda;;239x2.5;NBR;Métricos (seção 2.50)
Smierveda;;240x2.5;NBR;Métricos (seção 2.50)
Smierveda;;241x2.5;NBR;Métricos (seção 2.50)
Smierveda;;242x2.5;NBR;Métricos (seção 2.50)
Smierveda;;243x2.5;NBR;Métricos (seção 2.50)
Smierveda;;244x2.5;NBR;Métricos (seção 2.50)
Smierveda;;245x2.5;NBR;Métricos (seção 2.50)
Smierveda;;246x2.5;NBR;Métricos (seção 2.50)
Smierveda;;247x2.5;NBR;Métricos (seção 2.50)
Smierveda;;248x2.5;NBR;Métricos (seção 2.50)
Smierveda;;249x2.5;NBR;Métricos (seção 2.50)
Smierveda;;250x2.5;NBR;Métricos (seção 2.50)
Smierveda;;1x2.65;NBR;Métricos (seção 2.65)
Smierveda;;2x2.65;NBR;Métricos (seção 2.65)
Smierveda;;3x2.65;NBR;Métricos (seção 2.65)
Smierveda;;4x2.65;NBR;Métricos (seção 2.65)
Smierveda;;5x2.65;NBR;Métricos (seção 2.65)
Smierveda;;6x2.65;NBR;Métricos (seção 2.65)
Smierveda;;7x2.65;NBR;Métricos (seção 2.65)
Smierveda;;8x2.65;NBR;Métricos (seção 2.65)
Smierveda;;9x2.65;NBR;Métricos (seção 2.65)
Smierveda;;10x2.65;NBR;Métricos (seção 2.65)
Smierveda;;11x2.65;NBR;Métricos (seção 2.65)
Smierveda;;12x2.65;NBR;Métricos (seção 2.65)
Smierveda;;13x2.65;NBR;Métricos (seção 2.65)
Smierveda;;14x2.65;NBR;Métricos (seção 2.65)
Smierveda;;15x2.65;NBR;Métricos (seção 2.65)
Smierveda;;16x2.65;NBR;Métricos (seção 2.65)
Smierveda;;17x2.65;NBR;Métricos (seção 2.65)
Smierveda;;18x2.65;NBR;Métricos (seção 2.65)
Smierveda;;19x2.65;NBR;Métricos (seção 2.65)
Smierveda;;20x2.65;NBR;Métricos (seção 2.65)
Smierveda;;21x2.65;NBR;Métricos (seção 2.65)
Smierveda;;22x2.65;NBR;Métricos (seção 2.65)
Smierveda;;23x2.65;NBR;Métricos (seção 2.65)
Smierveda;;24x2.65;NBR;Métricos (seção 2.65)
Smierveda;;25x2.65;NBR;Métricos (seção 2.65)
Smierveda;;26x2.65;NBR;Métricos (seção 2.65)
Smierveda;;27x2.65;NBR;Métricos (seção 2.65)
Smierveda;;28x2.65;NBR;Métricos (seção 2.65)
Smierveda;;29x2.65;NBR;Métricos (seção 2.65)
Smierveda;;30x2.65;NBR;Métricos (seção 2.65)
Smierveda;;31x2.65;NBR;Métricos (seção 2.65)
Smierveda;;32x2.65;NBR;Métricos (seção 2.65)
Smierveda;;33x2.65;NBR;Métricos (seção 2.65)
Smierveda;;34x2.65;NBR;Métricos (seção 2.65)
Smierveda;;35x2.65;NBR;Métricos (seção 2.65)
Smierveda;;36x2.65;NBR;Métricos (seção 2.65)
Smierveda;;37x2.65;NBR;Métricos (seção 2.65)
Smierveda;;38x2.65;NBR;Métricos (seção 2.65)
Smierveda;;39x2.65;NBR;Métricos (seção 2.65)
Smierveda;;40x2.65;NBR;Métricos (seção 2.65)
Smierveda;;41x2.65;NBR;Métricos (seção 2.65)
Smierveda;;42x2.65;NBR;Métricos (seção 2.65)
Smierveda;;43x2.65;NBR;Métricos (seção 2.65)
Smierveda;;44x2.65;NBR;Métricos (seção 2.65)
Smierveda;;45x2.65;NBR;Métricos (seção 2.65)
Smierveda;;46x2.65;NBR;Métricos (seção 2.65)
Smierveda;;47x2.65;NBR;Métricos (seção 2.65)
Smierveda;;48x2.65;NBR;Métricos (seção 2.65)
Smierveda;;49x2.65;NBR;Métricos (seção 2.65)
Smierveda;;50x2.65;NBR;Métricos (seção 2.65)
Smierveda;;51x2.65;NBR;Métricos (seção 2.65)
Smierveda;;52x2.65;NBR;Métricos (seção 2.65)
Smierveda;;53x2.65;NBR;Métricos (seção 2.65)
Smierveda;;54x2.65;NBR;Métricos (seção 2.65)
Smierveda;;55x2.65;NBR;Métricos (seção 2.65)
Smierveda;;56x2.65;NBR;Métricos (seção 2.65)
Smierveda;;57x2.65;NBR;Métricos (seção 2.65)
Smierveda;;58x2.65;NBR;Métricos (seção 2.65)
Smierveda;;59x2.65;NBR;Métricos (seção 2.65)
Smierveda;;60x2.65;NBR;Métricos (seção 2.65)
Smierveda;;61x2.65;NBR;Métricos (seção 2.65)
Smierveda;;62x2.65;NBR;Métricos (seção 2.65)
Smierveda;;63x2.65;NBR;Métricos (seção 2.65)
Smierveda;;64x2.65;NBR;Métricos (seção 2.65)
Smierveda;;65x2.65;NBR;Métricos (seção 2.65)
Smierveda;;66x2.65;NBR;Métricos (seção 2.65)
Smierveda;;67x2.65;NBR;Métricos (seção 2.65)
Smierveda;;68x2.65;NBR;Métricos (seção 2.65)
Smierveda;;69x2.65;NBR;Métricos (seção 2.65)
Smierveda;;70x2.65;NBR;Métricos (seção 2.65)
Smierveda;;71x2.65;NBR;Métricos (seção 2.65)
Smierveda;;72x2.65;NBR;Métricos (seção 2.65)
Smierveda;;73x2.65;NBR;Métricos (seção 2.65)
Smierveda;;74x2.65;NBR;Métricos (seção 2.65)
Smierveda;;75x2.65;NBR;Métricos (seção 2.65)
Smierveda;;76x2.65;NBR;Métricos (seção 2.65)
Smierveda;;77x2.65;NBR;Métricos (seção 2.65)
Smierveda;;78x2.65;NBR;Métricos (seção 2.65)
Smierveda;;79x2.65;NBR;Métricos (seção 2.65)
Smierveda;;80x2.65;NBR;Métricos (seção 2.65)
Smierveda;;81x2.65;NBR;Métricos (seção 2.65)
Smierveda;;82x2.65;NBR;Métricos (seção 2.65)
Smierveda;;83x2.65;NBR;Métricos (seção 2.65)
Smierveda;;84x2.65;NBR;Métricos (seção 2.65)
Smierveda;;85x2.65;NBR;Métricos (seção 2.65)
Smierveda;;86x2.65;NBR;Métricos (seção 2.65)
Smierveda;;87x2.65;NBR;Métricos (seção 2.65)
Smierveda;;88x2.65;NBR;Métricos (seção 2.65)
Smierveda;;89x2.65;NBR;Métricos (seção 2.65)
Smierveda;;90x2.65;NBR;Métricos (seção 2.65)
Smierveda;;91x2.65;NBR;Métricos (seção 2.65)
Smierveda;;92x2.65;NBR;Métricos (seção 2.65)
Smierveda;;93x2.65;NBR;Métricos (seção 2.65)
Smierveda;;94x2.65;NBR;Métricos (seção 2.65)
Smierveda;;95x2.65;NBR;Métricos (seção 2.65)
Smierveda;;96x2.65;NBR;Métricos (seção 2.65)
Smierveda;;97x2.65;NBR;Métricos (seção 2.65)
Smierveda;;98x2.65;NBR;Métricos (seção 2.65)
Smierveda;;99x2.65;NBR;Métricos (seção 2.65)
Smierveda;;100x2.65;NBR;Métricos (seção 2.65)
Smierveda;;101x2.65;NBR;Métricos (seção 2.65)
Smierveda;;102x2.65;NBR;Métricos (seção 2.65)
Smierveda;;103x2.65;NBR;Métricos (seção 2.65)
Smierveda;;104x2.65;NBR;Métricos (seção 2.65)
Smierveda;;105x2.65;NBR;Métricos (seção 2.65)
Smierveda;;106x2.65;NBR;Métricos (seção 2.65)
Smierveda;;107x2.65;NBR;Métricos (seção 2.65)
Smierveda;;108x2.65;NBR;Métricos (seção 2.65)
Smierveda;;109x2.65;NBR;Métricos (seção 2.65)
Smierveda;;110x2.65;NBR;Métricos (seção 2.65)
Smierveda;;111x2.65;NBR;Métricos (seção 2.65)
Smierveda;;112x2.65;NBR;Métricos (seção 2.65)
Smierveda;;113x2.65;NBR;Métricos (seção 2.65)
Smierveda;;114x2.65;NBR;Métricos (seção 2.65)
Smierveda;;115x2.65;NBR;Métricos (seção 2.65)
Smierveda;;116x2.65;NBR;Métricos (seção 2.65)
Smierveda;;117x2.65;NBR;Métricos (seção 2.65)
Smierveda;;118x2.65;NBR;Métricos (seção 2.65)
Smierveda;;119x2.65;NBR;Métricos (seção 2.65)
Smierveda;;120x2.65;NBR;Métricos (seção 2.65)
Smierveda;;121x2.65;NBR;Métricos (seção 2.65)
Smierveda;;122x2.65;NBR;Métricos (seção 2.65)
Smierveda;;123x2.65;NBR;Métricos (seção 2.65)
Smierveda;;124x2.65;NBR;Métricos (seção 2.65)
Smierveda;;125x2.65;NBR;Métricos (seção 2.65)
Smierveda;;126x2.65;NBR;Métricos (seção 2.65)
Smierveda;;127x2.65;NBR;Métricos (seção 2.65)
Smierveda;;128x2.65;NBR;Métricos (seção 2.65)
Smierveda;;129x2.65;NBR;Métricos (seção 2.65)
Smierveda;;130x2.65;NBR;Métricos (seção 2.65)
Smierveda;;131x2.65;NBR;Métricos (seção 2.65)
Smierveda;;132x2.65;NBR;Métricos (seção 2.65)
Smierveda;;133x2.65;NBR;Métricos (seção 2.65)
Smierveda;;134x2.65;NBR;Métricos (seção 2.65)
Smierveda;;135x2.65;NBR;Métricos (seção 2.65)
Smierveda;;136x2.65;NBR;Métricos (seção 2.65)
Smierveda;;137x2.65;NBR;Métricos (seção 2.65)
Smierveda;;138x2.65;NBR;Métricos (seção 2.65)
Smierveda;;139x2.65;NBR;Métricos (seção 2.65)
Smierveda;;140x2.65;NBR;Métricos (seção 2.65)
Smierveda;;141x2.65;NBR;Métricos (seção 2.65)
Smierveda;;142x2.65;NBR;Métricos (seção 2.65)
Smierveda;;143x2.65;NBR;Métricos (seção 2.65)
Smierveda;;144x2.65;NBR;Métricos (seção 2.65)
Smierveda;;145x2.65;NBR;Métricos (seção 2.65)
Smierveda;;146x2.65;NBR;Métricos (seção 2.65)
Smierveda;;147x2.65;NBR;Métricos (seção 2.65)
Smierveda;;148x2.65;NBR;Métricos (seção 2.65)
Smierveda;;149x2.65;NBR;Métricos (seção 2.65)
Smierveda;;150x2.65;NBR;Métricos (seção 2.65)
Smierveda;;151x2.65;NBR;Métricos (seção 2.65)
Smierveda;;152x2.65;NBR;Métricos (seção 2.65)
Smierveda;;153x2.65;NBR;Métricos (seção 2.65)
Smierveda;;154x2.65;NBR;Métricos (seção 2.65)
Smierveda;;155x2.65;NBR;Métricos (seção 2.65)
Smierveda;;156x2.65;NBR;Métricos (seção 2.65)
Smierveda;;157x2.65;NBR;Métricos (seção 2.65)
Smierveda;;158x2.65;NBR;Métricos (seção 2.65)
Smierveda;;159x2.65;NBR;Métricos (seção 2.65)
Smierveda;;160x2.65;NBR;Métricos (seção 2.65)
Smierveda;;161x2.65;NBR;Métricos (seção 2.65)
Smierveda;;162x2.65;NBR;Métricos (seção 2.65)
Smierveda;;163x2.65;NBR;Métricos (seção 2.65)
Smierveda;;164x2.65;NBR;Métricos (seção 2.65)
Smierveda;;165x2.65;NBR;Métricos (seção 2.65)
Smierveda;;166x2.65;NBR;Métricos (seção 2.65)
Smierveda;;167x2.65;NBR;Métricos (seção 2.65)
Smierveda;;168x2.65;NBR;Métricos (seção 2.65)
Smierveda;;169x2.65;NBR;Métricos (seção 2.65)
Smierveda;;170x2.65;NBR;Métricos (seção 2.65)
Smierveda;;171x2.65;NBR;Métricos (seção 2.65)
Smierveda;;172x2.65;NBR;Métricos (seção 2.65)
Smierveda;;173x2.65;NBR;Métricos (seção 2.65)
Smierveda;;174x2.65;NBR;Métricos (seção 2.65)
Smierveda;;175x2.65;NBR;Métricos (seção 2.65)
Smierveda;;176x2.65;NBR;Métricos (seção 2.65)
Smierveda;;177x2.65;NBR;Métricos (seção 2.65)
Smierveda;;178x2.65;NBR;Métricos (seção 2.65)
Smierveda;;179x2.65;NBR;Métricos (seção 2.65)
Smierveda;;180x2.65;NBR;Métricos (seção 2.65)
Smierveda;;181x2.65;NBR;Métricos (seção 2.65)
Smierveda;;182x2.65;NBR;Métricos (seção 2.65)
Smierveda;;183x2.65;NBR;Métricos (seção 2.65)
Smierveda;;184x2.65;NBR;Métricos (seção 2.65)
Smierveda;;185x2.65;NBR;Métricos (seção 2.65)
Smierveda;;186x2.65;NBR;Métricos (seção 2.65)
Smierveda;;187x2.65;NBR;Métricos (seção 2.65)
Smierveda;;188x2.65;NBR;Métricos (seção 2.65)
Smierveda;;189x2.65;NBR;Métricos (seção 2.65)
Smierveda;;190x2.65;NBR;Métricos (seção 2.65)
Smierveda;;191x2.65;NBR;Métricos (seção 2.65)
Smierveda;;192x2.65;NBR;Métricos (seção 2.65)
Smierveda;;193x2.65;NBR;Métricos (seção 2.65)
Smierveda;;194x2.65;NBR;Métricos (seção 2.65)
Smierveda;;195x2.65;NBR;Métricos (seção 2.65)
Smierveda;;196x2.65;NBR;Métricos (seção 2.65)
Smierveda;;197x2.65;NBR;Métricos (seção 2.65)
Smierveda;;198x2.65;NBR;Métricos (seção 2.65)
Smierveda;;199x2.65;NBR;Métricos (seção 2.65)
Smierveda;;200x2.65;NBR;Métricos (seção 2.65)
Smierveda;;201x2.65;NBR;Métricos (seção 2.65)
Smierveda;;202x2.65;NBR;Métricos (seção 2.65)
Smierveda;;203x2.65;NBR;Métricos (seção 2.65)
Smierveda;;204x2.65;NBR;Métricos (seção 2.65)
Smierveda;;205x2.65;NBR;Métricos (seção 2.65)
Smierveda;;206x2.65;NBR;Métricos (seção 2.65)
Smierveda;;207x2.65;NBR;Métricos (seção 2.65)
Smierveda;;208x2.65;NBR;Métricos (seção 2.65)
Smierveda;;209x2.65;NBR;Métricos (seção 2.65)
Smierveda;;210x2.65;NBR;Métricos (seção 2.65)
Smierveda;;211x2.65;NBR;Métricos (seção 2.65)
Smierveda;;212x2.65;NBR;Métricos (seção 2.65)
Smierveda;;213x2.65;NBR;Métricos (seção 2.65)
Smierveda;;214x2.65;NBR;Métricos (seção 2.65)
Smierveda;;215x2.65;NBR;Métricos (seção 2.65)
Smierveda;;216x2.65;NBR;Métricos (seção 2.65)
Smierveda;;217x2.65;NBR;Métricos (seção 2.65)
Smierveda;;218x2.65;NBR;Métricos (seção 2.65)
Smierveda;;219x2.65;NBR;Métricos (seção 2.65)
Smierveda;;220x2.65;NBR;Métricos (seção 2.65)
Smierveda;;221x2.65;NBR;Métricos (seção 2.65)
Smierveda;;222x2.65;NBR;Métricos (seção 2.65)
Smierveda;;223x2.65;NBR;Métricos (seção 2.65)
Smierveda;;224x2.65;NBR;Métricos (seção 2.65)
Smierveda;;225x2.65;NBR;Métricos (seção 2.65)
Smierveda;;226x2.65;NBR;Métricos (seção 2.65)
Smierveda;;227x2.65;NBR;Métricos (seção 2.65)
Smierveda;;228x2.65;NBR;Métricos (seção 2.65)
Smierveda;;229x2.65;NBR;Métricos (seção 2.65)
Smierveda;;230x2.65;NBR;Métricos (seção 2.65)
Smierveda;;231x2.65;NBR;Métricos (seção 2.65)
Smierveda;;232x2.65;NBR;Métricos (seção 2.65)
Smierveda;;233x2.65;NBR;Métricos (seção 2.65)
Smierveda;;234x2.65;NBR;Métricos (seção 2.65)
Smierveda;;235x2.65;NBR;Métricos (seção 2.65)
Smierveda;;236x2.65;NBR;Métricos (seção 2.65)
Smierveda;;237x2.65;NBR;Métricos (seção 2.65)
Smierveda;;238x2.65;NBR;Métricos (seção 2.65)
Smierveda;;239x2.65;NBR;Métricos (seção 2.65)
Smierveda;;240x2.65;NBR;Métricos (seção 2.65)
Smierveda;;241x2.65;NBR;Métricos (seção 2.65)
Smierveda;;242x2.65;NBR;Métricos (seção 2.65)
Smierveda;;243x2.65;NBR;Métricos (seção 2.65)
Smierveda;;244x2.65;NBR;Métricos (seção 2.65)
Smierveda;;245x2.65;NBR;Métricos (seção 2.65)
Smierveda;;246x2.65;NBR;Métricos (seção 2.65)
Smierveda;;247x2.65;NBR;Métricos (seção 2.65)
Smierveda;;248x2.65;NBR;Métricos (seção 2.65)
Smierveda;;249x2.65;NBR;Métricos (seção 2.65)
Smierveda;;250x2.65;NBR;Métricos (seção 2.65)
Smierveda;;1x3;NBR;Métricos (seção 3.00)
Smierveda;;2x3;NBR;Métricos (seção 3.00)
Smierveda;;3x3;NBR;Métricos (seção 3.00)
Smierveda;;4x3;NBR;Métricos (seção 3.00)
Smierveda;;5x3;NBR;Métricos (seção 3.00)
Smierveda;;6x3;NBR;Métricos (seção 3.00)
